Tarih,Saat,Enlem,Boylam,Hız(km/sa),vehicle_type,konteyner_tip
19.12.2025,00:08:59,40.202579,28.950399,0.0,Crane Vehicle,YERALTI
19.12.2025,00:18:59,40.202579,28.950399,0.0,Crane Vehicle,YERALTI
19.12.2025,00:18:59,40.202579,28.950399,0.0,Crane Vehicle,YERALTI
19.12.2025,00:28:58,40.202579,28.950399,0.0,Crane Vehicle,YERALTI
19.12.2025,00:38:58,40.202579,28.950399,0.0,Crane Vehicle,YERALTI
19.12.2025,00:48:58,40.202579,28.950399,0.0,Crane Vehicle,YERALTI
19.12.2025,00:58:58,40.202579,28.950399,0.0,Crane Vehicle,YERALTI
19.12.2025,01:08:58,40.202579,28.950399,0.0,Crane Vehicle,YERALTI
19.12.2025,01:08:58,40.202579,28.950399,0.0,Crane Vehicle,YERALTI
19.12.2025,01:18:58,40.202579,28.950399,0.0,Crane Vehicle,YERALTI
19.12.2025,01:28:58,40.202579,28.950399,0.0,Crane Vehicle,YERALTI
19.12.2025,01:38:58,40.202579,28.950399,0.0,Crane Vehicle,YERALTI
19.12.2025,01:48:58,40.202579,28.950399,0.0,Crane Vehicle,YERALTI
19.12.2025,01:58:58,40.202579,28.950399,0.0,Crane Vehicle,YERALTI
19.12.2025,02:08:58,40.202579,28.950399,0.0,Crane Vehicle,YERALTI
19.12.2025,02:08:58,40.202579,28.950399,0.0,Crane Vehicle,YERALTI
19.12.2025,02:18:58,40.202579,28.950399,0.0,Crane Vehicle,YERALTI
19.12.2025,02:28:58,40.202579,28.950399,0.0,Crane Vehicle,YERALTI
19.12.2025,02:38:58,40.202579,28.950399,0.0,Crane Vehicle,YERALTI
19.12.2025,02:48:58,40.202579,28.950399,0.0,Crane Vehicle,YERALTI
19.12.2025,02:58:58,40.202579,28.950399,0.0,Crane Vehicle,YERALTI
19.12.2025,03:08:58,40.202579,28.950399,0.0,Crane Vehicle,YERALTI
19.12.2025,03:08:58,40.202579,28.950399,0.0,Crane Vehicle,YERALTI
19.12.2025,03:18:58,40.202579,28.950399,0.0,Crane Vehicle,YERALTI
19.12.2025,03:28:58,40.202579,28.950399,0.0,Crane Vehicle,YERALTI
19.12.2025,03:38:58,40.202579,28.950399,0.0,Crane Vehicle,YERALTI
19.12.2025,03:48:58,40.202579,28.950399,0.0,Crane Vehicle,YERALTI
19.12.2025,03:58:58,40.202579,28.950399,0.0,Crane Vehicle,YERALTI
19.12.2025,04:08:58,40.202579,28.950399,0.0,Crane Vehicle,YERALTI
19.12.2025,04:08:58,40.202579,28.950399,0.0,Crane Vehicle,YERALTI
19.12.2025,04:18:58,40.202579,28.950399,0.0,Crane Vehicle,YERALTI
19.12.2025,04:28:58,40.202579,28.950399,0.0,Crane Vehicle,YERALTI
19.12.2025,04:38:58,40.202579,28.950399,0.0,Crane Vehicle,YERALTI
19.12.2025,04:48:58,40.202579,28.950399,0.0,Crane Vehicle,YERALTI
19.12.2025,04:58:58,40.202579,28.950399,0.0,Crane Vehicle,YERALTI
19.12.2025,05:08:58,40.202579,28.950399,0.0,Crane Vehicle,YERALTI
19.12.2025,05:08:58,40.202579,28.950399,0.0,Crane Vehicle,YERALTI
19.12.2025,05:18:58,40.202579,28.950399,0.0,Crane Vehicle,YERALTI
19.12.2025,05:28:58,40.202579,28.950399,0.0,Crane Vehicle,YERALTI
19.12.2025,05:38:58,40.202579,28.950399,0.0,Crane Vehicle,YERALTI
19.12.2025,05:48:58,40.202579,28.950399,0.0,Crane Vehicle,YERALTI
19.12.2025,05:58:58,40.202579,28.950399,0.0,Crane Vehicle,YERALTI
19.12.2025,06:08:58,40.202579,28.950399,0.0,Crane Vehicle,YERALTI
19.12.2025,06:08:58,40.202579,28.950399,0.0,Crane Vehicle,YERALTI
19.12.2025,06:18:58,40.202579,28.950399,0.0,Crane Vehicle,YERALTI
19.12.2025,06:28:58,40.202579,28.950399,0.0,Crane Vehicle,YERALTI
19.12.2025,06:38:58,40.202579,28.950399,0.0,Crane Vehicle,YERALTI
19.12.2025,06:48:58,40.202579,28.950399,0.0,Crane Vehicle,YERALTI
19.12.2025,06:58:58,40.202579,28.950399,0.0,Crane Vehicle,YERALTI
19.12.2025,07:08:58,40.202579,28.950399,0.0,Crane Vehicle,YERALTI
19.12.2025,07:08:58,40.202579,28.950399,0.0,Crane Vehicle,YERALTI
19.12.2025,07:18:57,40.202579,28.950399,0.0,Crane Vehicle,YERALTI
19.12.2025,07:28:57,40.202579,28.950399,0.0,Crane Vehicle,YERALTI
19.12.2025,07:38:57,40.202579,28.950399,0.0,Crane Vehicle,YERALTI
19.12.2025,07:48:57,40.202579,28.950399,0.0,Crane Vehicle,YERALTI
19.12.2025,07:58:57,40.202579,28.950399,0.0,Crane Vehicle,YERALTI
19.12.2025,08:08:57,40.202579,28.950399,0.0,Crane Vehicle,YERALTI
19.12.2025,08:08:57,40.202579,28.950399,0.0,Crane Vehicle,YERALTI
19.12.2025,08:18:57,40.202579,28.950399,0.0,Crane Vehicle,YERALTI
19.12.2025,08:28:57,40.202579,28.950399,0.0,Crane Vehicle,YERALTI
19.12.2025,08:38:57,40.202579,28.950399,0.0,Crane Vehicle,YERALTI
19.12.2025,08:48:57,40.202579,28.950399,0.0,Crane Vehicle,YERALTI
19.12.2025,08:58:57,40.202579,28.950399,0.0,Crane Vehicle,YERALTI
19.12.2025,09:08:57,40.202579,28.950399,0.0,Crane Vehicle,YERALTI
19.12.2025,09:08:57,40.202579,28.950399,0.0,Crane Vehicle,YERALTI
19.12.2025,09:18:57,40.202579,28.950399,0.0,Crane Vehicle,YERALTI
19.12.2025,09:28:57,40.202579,28.950399,0.0,Crane Vehicle,YERALTI
19.12.2025,09:38:57,40.202579,28.950399,0.0,Crane Vehicle,YERALTI
19.12.2025,09:48:57,40.202579,28.950399,0.0,Crane Vehicle,YERALTI
19.12.2025,09:58:57,40.202579,28.950399,0.0,Crane Vehicle,YERALTI
19.12.2025,10:08:57,40.202579,28.950399,0.0,Crane Vehicle,YERALTI
19.12.2025,10:08:57,40.202579,28.950399,0.0,Crane Vehicle,YERALTI
19.12.2025,15:52:03,40.202587,28.949774,0.0,Crane Vehicle,YERALTI
19.12.2025,16:02:03,40.202587,28.949774,0.0,Crane Vehicle,YERALTI
19.12.2025,16:02:03,40.202587,28.949774,0.0,Crane Vehicle,YERALTI
19.12.2025,16:12:03,40.202587,28.949774,0.0,Crane Vehicle,YERALTI
19.12.2025,16:22:03,40.202587,28.949774,0.0,Crane Vehicle,YERALTI
19.12.2025,16:32:03,40.202587,28.949774,0.0,Crane Vehicle,YERALTI
19.12.2025,16:42:03,40.202587,28.949774,0.0,Crane Vehicle,YERALTI
19.12.2025,16:52:03,40.202587,28.949774,0.0,Crane Vehicle,YERALTI
19.12.2025,17:02:03,40.202587,28.949774,0.0,Crane Vehicle,YERALTI
19.12.2025,17:02:03,40.202587,28.949774,0.0,Crane Vehicle,YERALTI
19.12.2025,17:12:03,40.202587,28.949774,0.0,Crane Vehicle,YERALTI
19.12.2025,17:22:03,40.202587,28.949774,0.0,Crane Vehicle,YERALTI
19.12.2025,17:32:03,40.202587,28.949774,0.0,Crane Vehicle,YERALTI
19.12.2025,17:33:23,40.204876,28.949831,0.0,Crane Vehicle,YERALTI
19.12.2025,17:43:23,40.204876,28.949831,0.0,Crane Vehicle,YERALTI
19.12.2025,17:53:23,40.204876,28.949831,0.0,Crane Vehicle,YERALTI
19.12.2025,18:03:23,40.204876,28.949831,0.0,Crane Vehicle,YERALTI
19.12.2025,18:03:23,40.204876,28.949831,0.0,Crane Vehicle,YERALTI
19.12.2025,18:12:51,40.20541,28.949278,0.0,Crane Vehicle,YERALTI
19.12.2025,18:15:13,40.204708,28.950064,0.0,Crane Vehicle,YERALTI
19.12.2025,18:15:28,40.204895,28.949783,0.0,Crane Vehicle,YERALTI
19.12.2025,18:15:37,40.204887,28.949764,0.0,Crane Vehicle,YERALTI
20.12.2025,10:55:10,40.204937,28.949606,0.0,Crane Vehicle,YERALTI
20.12.2025,11:05:10,40.204937,28.949606,0.0,Crane Vehicle,YERALTI
20.12.2025,11:05:10,40.204937,28.949606,0.0,Crane Vehicle,YERALTI
20.12.2025,11:15:10,40.204937,28.949606,0.0,Crane Vehicle,YERALTI
20.12.2025,11:25:10,40.204937,28.949606,0.0,Crane Vehicle,YERALTI
20.12.2025,11:35:10,40.204937,28.949606,0.0,Crane Vehicle,YERALTI
20.12.2025,11:35:31,40.204937,28.949606,0.0,Crane Vehicle,YERALTI
20.12.2025,11:45:10,40.205166,28.949726,0.0,Crane Vehicle,YERALTI
20.12.2025,11:55:10,40.205166,28.949726,0.0,Crane Vehicle,YERALTI
20.12.2025,12:05:10,40.205166,28.949726,0.0,Crane Vehicle,YERALTI
20.12.2025,12:05:10,40.205166,28.949726,0.0,Crane Vehicle,YERALTI
20.12.2025,12:15:10,40.205166,28.949726,0.0,Crane Vehicle,YERALTI
20.12.2025,12:25:10,40.205166,28.949726,0.0,Crane Vehicle,YERALTI
20.12.2025,12:35:10,40.205051,28.949999,0.0,Crane Vehicle,YERALTI
20.12.2025,12:35:31,40.205051,28.949999,0.0,Crane Vehicle,YERALTI
20.12.2025,12:36:07,40.205051,28.949999,0.0,Crane Vehicle,YERALTI
20.12.2025,12:44:40,40.204098,28.946051,0.0,Crane Vehicle,YERALTI
20.12.2025,12:46:16,40.201866,28.947882,0.0,Crane Vehicle,YERALTI
20.12.2025,12:49:17,40.197784,28.939421,0.0,Crane Vehicle,YERALTI
20.12.2025,12:50:15,40.196533,28.938107,0.0,Crane Vehicle,YERALTI
20.12.2025,12:51:25,40.190201,28.931402,0.0,Crane Vehicle,YERALTI
20.12.2025,12:51:55,40.19062,28.931044,0.0,Crane Vehicle,YERALTI
20.12.2025,13:01:55,40.19062,28.931044,0.0,Crane Vehicle,YERALTI
20.12.2025,13:07:04,40.190151,28.931486,0.0,Crane Vehicle,YERALTI
20.12.2025,13:13:44,40.211334,28.916224,0.0,Crane Vehicle,YERALTI
20.12.2025,13:13:54,40.211353,28.916224,0.0,Crane Vehicle,YERALTI
20.12.2025,13:15:29,40.216797,28.915104,0.0,Crane Vehicle,YERALTI
20.12.2025,13:15:39,40.216827,28.915098,0.0,Crane Vehicle,YERALTI
20.12.2025,13:15:49,40.21701,28.91507,0.0,Crane Vehicle,YERALTI
20.12.2025,13:15:59,40.217113,28.915047,0.0,Crane Vehicle,YERALTI
20.12.2025,13:16:09,40.217121,28.915047,0.0,Crane Vehicle,YERALTI
20.12.2025,13:16:49,40.218239,28.914837,0.0,Crane Vehicle,YERALTI
20.12.2025,13:18:54,40.220615,28.911049,0.0,Crane Vehicle,YERALTI
20.12.2025,13:19:04,40.220615,28.911036,0.0,Crane Vehicle,YERALTI
20.12.2025,13:22:07,40.216854,28.896984,0.0,Crane Vehicle,YERALTI
20.12.2025,13:28:45,40.216751,28.891018,0.0,Crane Vehicle,YERALTI
20.12.2025,13:29:29,40.217361,28.888506,0.0,Crane Vehicle,YERALTI
20.12.2025,13:29:39,40.217369,28.888506,0.0,Crane Vehicle,YERALTI
20.12.2025,13:33:02,40.218536,28.890163,0.0,Crane Vehicle,YERALTI
20.12.2025,13:37:19,40.21841,28.891399,0.0,Crane Vehicle,YERALTI
20.12.2025,13:37:37,40.21862,28.89189,0.0,Crane Vehicle,YERALTI
20.12.2025,13:37:46,40.218628,28.891882,0.0,Crane Vehicle,YERALTI
20.12.2025,13:38:29,40.219318,28.893274,0.0,Crane Vehicle,YERALTI
20.12.2025,13:39:00,40.218765,28.894203,0.0,Crane Vehicle,YERALTI
20.12.2025,13:42:36,40.220337,28.910791,0.0,Crane Vehicle,YERALTI
20.12.2025,13:45:21,40.220005,28.92584,0.0,Crane Vehicle,YERALTI
20.12.2025,13:48:19,40.218819,28.917206,0.0,Crane Vehicle,YERALTI
20.12.2025,13:48:29,40.218811,28.9172,0.0,Crane Vehicle,YERALTI
20.12.2025,13:49:16,40.21796,28.917177,0.0,Crane Vehicle,YERALTI
20.12.2025,13:49:25,40.217945,28.917173,0.0,Crane Vehicle,YERALTI
20.12.2025,13:53:29,40.2178,28.917116,0.0,Crane Vehicle,YERALTI
20.12.2025,13:54:43,40.217953,28.91494,0.0,Crane Vehicle,YERALTI
20.12.2025,13:54:52,40.217964,28.914936,0.0,Crane Vehicle,YERALTI
20.12.2025,13:58:44,40.226986,28.9235,0.0,Crane Vehicle,YERALTI
20.12.2025,14:02:04,40.216331,28.933676,0.0,Crane Vehicle,YERALTI
20.12.2025,14:03:42,40.212631,28.936241,0.0,Crane Vehicle,YERALTI
20.12.2025,14:04:20,40.212669,28.936384,0.0,Crane Vehicle,YERALTI
20.12.2025,14:12:34,40.212631,28.936184,0.0,Crane Vehicle,YERALTI
20.12.2025,14:12:36,40.212605,28.936161,0.0,Crane Vehicle,YERALTI
20.12.2025,14:12:45,40.212601,28.936146,0.0,Crane Vehicle,YERALTI
20.12.2025,14:13:42,40.216248,28.934502,0.0,Crane Vehicle,YERALTI
20.12.2025,14:13:51,40.216255,28.934502,0.0,Crane Vehicle,YERALTI
20.12.2025,14:14:25,40.216171,28.936661,0.0,Crane Vehicle,YERALTI
20.12.2025,14:16:37,40.218117,28.938295,0.0,Crane Vehicle,YERALTI
20.12.2025,14:20:57,40.218307,28.939594,0.0,Crane Vehicle,YERALTI
20.12.2025,14:21:15,40.218182,28.93984,0.0,Crane Vehicle,YERALTI
20.12.2025,14:24:49,40.217609,28.940224,0.0,Crane Vehicle,YERALTI
20.12.2025,14:32:28,40.217693,28.940212,0.0,Crane Vehicle,YERALTI
20.12.2025,14:32:38,40.217712,28.940231,0.0,Crane Vehicle,YERALTI
20.12.2025,14:32:51,40.217846,28.940365,0.0,Crane Vehicle,YERALTI
20.12.2025,14:33:13,40.21859,28.940338,0.0,Crane Vehicle,YERALTI
20.12.2025,14:33:22,40.218601,28.940357,0.0,Crane Vehicle,YERALTI
20.12.2025,14:33:47,40.218575,28.941282,0.0,Crane Vehicle,YERALTI
20.12.2025,14:40:11,40.218811,28.941595,0.0,Crane Vehicle,YERALTI
20.12.2025,14:41:16,40.218754,28.942091,0.0,Crane Vehicle,YERALTI
20.12.2025,14:41:44,40.218594,28.942398,0.0,Crane Vehicle,YERALTI
20.12.2025,14:45:49,40.217972,28.942377,0.0,Crane Vehicle,YERALTI
20.12.2025,14:45:59,40.217972,28.942373,0.0,Crane Vehicle,YERALTI
20.12.2025,14:53:42,40.218697,28.945393,0.0,Crane Vehicle,YERALTI
20.12.2025,14:53:51,40.218735,28.945393,0.0,Crane Vehicle,YERALTI
20.12.2025,14:54:40,40.218781,28.944519,0.0,Crane Vehicle,YERALTI
20.12.2025,15:03:41,40.218723,28.945314,0.0,Crane Vehicle,YERALTI
20.12.2025,15:05:07,40.217609,28.945562,0.0,Crane Vehicle,YERALTI
20.12.2025,15:05:17,40.217609,28.945555,0.0,Crane Vehicle,YERALTI
20.12.2025,15:11:35,40.215664,28.944328,0.0,Crane Vehicle,YERALTI
20.12.2025,15:12:12,40.216019,28.944866,0.0,Crane Vehicle,YERALTI
20.12.2025,15:12:22,40.216015,28.944872,0.0,Crane Vehicle,YERALTI
20.12.2025,15:21:19,40.221405,28.948509,0.0,Crane Vehicle,YERALTI
20.12.2025,15:21:29,40.221405,28.948515,0.0,Crane Vehicle,YERALTI
20.12.2025,15:25:37,40.22176,28.946985,0.0,Crane Vehicle,YERALTI
20.12.2025,15:25:47,40.22176,28.946985,0.0,Crane Vehicle,YERALTI
20.12.2025,15:29:45,40.221645,28.945721,0.0,Crane Vehicle,YERALTI
20.12.2025,15:33:54,40.221779,28.944677,0.0,Crane Vehicle,YERALTI
20.12.2025,15:36:06,40.221607,28.951029,0.0,Crane Vehicle,YERALTI
20.12.2025,15:36:43,40.221127,28.951599,0.0,Crane Vehicle,YERALTI
20.12.2025,15:37:15,40.22086,28.951929,0.0,Crane Vehicle,YERALTI
20.12.2025,15:38:03,40.22028,28.952478,0.0,Crane Vehicle,YERALTI
20.12.2025,15:39:52,40.221012,28.955381,0.0,Crane Vehicle,YERALTI
20.12.2025,15:40:02,40.221004,28.955385,0.0,Crane Vehicle,YERALTI
20.12.2025,15:40:20,40.220718,28.955549,0.0,Crane Vehicle,YERALTI
20.12.2025,15:40:30,40.220596,28.955585,0.0,Crane Vehicle,YERALTI
20.12.2025,15:41:33,40.219185,28.955597,0.0,Crane Vehicle,YERALTI
20.12.2025,15:47:01,40.218601,28.956207,0.0,Crane Vehicle,YERALTI
20.12.2025,15:47:22,40.218227,28.955606,0.0,Crane Vehicle,YERALTI
20.12.2025,15:53:47,40.218811,28.954756,0.0,Crane Vehicle,YERALTI
20.12.2025,16:04:46,40.217827,28.958866,0.0,Crane Vehicle,YERALTI
20.12.2025,16:04:56,40.217812,28.95891,0.0,Crane Vehicle,YERALTI
20.12.2025,16:05:23,40.217571,28.95973,0.0,Crane Vehicle,YERALTI
20.12.2025,16:07:42,40.217686,28.962067,0.0,Crane Vehicle,YERALTI
20.12.2025,16:17:42,40.217686,28.962067,0.0,Crane Vehicle,YERALTI
20.12.2025,16:19:15,40.21883,28.963627,0.0,Crane Vehicle,YERALTI
20.12.2025,16:19:45,40.219833,28.964886,0.0,Crane Vehicle,YERALTI
20.12.2025,16:21:17,40.221165,28.963682,0.0,Crane Vehicle,YERALTI
20.12.2025,16:23:03,40.226433,28.967394,0.0,Crane Vehicle,YERALTI
20.12.2025,16:23:13,40.226433,28.967398,0.0,Crane Vehicle,YERALTI
20.12.2025,16:24:01,40.228107,28.965973,0.0,Crane Vehicle,YERALTI
20.12.2025,16:24:59,40.229481,28.964905,0.0,Crane Vehicle,YERALTI
20.12.2025,16:25:51,40.230873,28.966221,0.0,Crane Vehicle,YERALTI
20.12.2025,16:26:01,40.230885,28.966238,0.0,Crane Vehicle,YERALTI
20.12.2025,16:26:44,40.23238,28.968147,0.0,Crane Vehicle,YERALTI
20.12.2025,16:26:54,40.232399,28.96817,0.0,Crane Vehicle,YERALTI
20.12.2025,16:29:30,40.237434,28.973263,0.0,Crane Vehicle,YERALTI
20.12.2025,16:35:39,40.269482,28.948931,0.0,Crane Vehicle,YERALTI
20.12.2025,16:40:15,40.272629,28.970798,0.0,Crane Vehicle,YERALTI
20.12.2025,16:45:36,40.263634,28.969305,0.0,Crane Vehicle,YERALTI
20.12.2025,16:45:57,40.263359,28.969311,0.0,Crane Vehicle,YERALTI
20.12.2025,16:52:21,40.263634,28.96907,0.0,Crane Vehicle,YERALTI
20.12.2025,16:53:02,40.262413,28.96747,0.0,Crane Vehicle,YERALTI
20.12.2025,16:59:46,40.273388,28.94787,0.0,Crane Vehicle,YERALTI
20.12.2025,17:09:21,40.254002,28.933933,0.0,Crane Vehicle,YERALTI
20.12.2025,17:10:50,40.250874,28.937113,0.0,Crane Vehicle,YERALTI
20.12.2025,17:20:42,40.22971,28.964231,0.0,Crane Vehicle,YERALTI
20.12.2025,17:23:24,40.226147,28.962032,0.0,Crane Vehicle,YERALTI
20.12.2025,17:33:24,40.226147,28.962032,0.0,Crane Vehicle,YERALTI
20.12.2025,17:35:52,40.225857,28.9618,0.0,Crane Vehicle,YERALTI
20.12.2025,17:36:02,40.225761,28.96172,0.0,Crane Vehicle,YERALTI
20.12.2025,17:37:29,40.222881,28.960089,0.0,Crane Vehicle,YERALTI
20.12.2025,17:42:13,40.221329,28.958694,0.0,Crane Vehicle,YERALTI
20.12.2025,17:42:14,40.221317,28.958685,0.0,Crane Vehicle,YERALTI
20.12.2025,17:44:13,40.217773,28.964943,0.0,Crane Vehicle,YERALTI
20.12.2025,17:44:30,40.217678,28.965134,0.0,Crane Vehicle,YERALTI
20.12.2025,17:54:30,40.217678,28.965134,0.0,Crane Vehicle,YERALTI
20.12.2025,18:03:00,40.19743,28.939054,0.0,Crane Vehicle,YERALTI
20.12.2025,18:05:21,40.190182,28.931396,0.0,Crane Vehicle,YERALTI
20.12.2025,18:05:41,40.190151,28.930843,0.0,Crane Vehicle,YERALTI
20.12.2025,18:15:41,40.190151,28.930843,0.0,Crane Vehicle,YERALTI
20.12.2025,18:25:41,40.190151,28.930843,0.0,Crane Vehicle,YERALTI
20.12.2025,18:35:41,40.190151,28.930843,0.0,Crane Vehicle,YERALTI
20.12.2025,18:47:16,40.190353,28.930981,0.0,Crane Vehicle,YERALTI
20.12.2025,18:57:16,40.190353,28.930981,0.0,Crane Vehicle,YERALTI
20.12.2025,19:07:16,40.190353,28.930981,0.0,Crane Vehicle,YERALTI
20.12.2025,19:17:16,40.190353,28.930981,0.0,Crane Vehicle,YERALTI
20.12.2025,19:27:16,40.190353,28.930981,0.0,Crane Vehicle,YERALTI
20.12.2025,19:37:16,40.190353,28.930981,0.0,Crane Vehicle,YERALTI
20.12.2025,19:47:16,40.190353,28.930981,0.0,Crane Vehicle,YERALTI
20.12.2025,19:57:16,40.190353,28.930981,0.0,Crane Vehicle,YERALTI
20.12.2025,20:07:16,40.190353,28.930981,0.0,Crane Vehicle,YERALTI
20.12.2025,20:17:16,40.190353,28.930981,0.0,Crane Vehicle,YERALTI
20.12.2025,20:27:16,40.190353,28.930981,0.0,Crane Vehicle,YERALTI
20.12.2025,20:37:16,40.190353,28.930981,0.0,Crane Vehicle,YERALTI
20.12.2025,20:47:16,40.190353,28.930981,0.0,Crane Vehicle,YERALTI
20.12.2025,20:57:16,40.190353,28.930981,0.0,Crane Vehicle,YERALTI
20.12.2025,21:07:16,40.190353,28.930981,0.0,Crane Vehicle,YERALTI
20.12.2025,21:17:16,40.190353,28.930981,0.0,Crane Vehicle,YERALTI
20.12.2025,21:27:16,40.190353,28.930981,0.0,Crane Vehicle,YERALTI
20.12.2025,21:37:16,40.190353,28.930981,0.0,Crane Vehicle,YERALTI
20.12.2025,21:47:16,40.190353,28.930981,0.0,Crane Vehicle,YERALTI
20.12.2025,21:57:16,40.190353,28.930981,0.0,Crane Vehicle,YERALTI
20.12.2025,22:07:16,40.190353,28.930981,0.0,Crane Vehicle,YERALTI
20.12.2025,22:17:16,40.190353,28.930981,0.0,Crane Vehicle,YERALTI
20.12.2025,22:27:16,40.190353,28.930981,0.0,Crane Vehicle,YERALTI
20.12.2025,22:37:16,40.190353,28.930981,0.0,Crane Vehicle,YERALTI
20.12.2025,22:47:16,40.190353,28.930981,0.0,Crane Vehicle,YERALTI
20.12.2025,22:57:16,40.190353,28.930981,0.0,Crane Vehicle,YERALTI
20.12.2025,23:07:16,40.190353,28.930981,0.0,Crane Vehicle,YERALTI
20.12.2025,23:17:16,40.190353,28.930981,0.0,Crane Vehicle,YERALTI
20.12.2025,23:27:16,40.190353,28.930981,0.0,Crane Vehicle,YERALTI
20.12.2025,23:37:15,40.190353,28.930981,0.0,Crane Vehicle,YERALTI
20.12.2025,23:47:15,40.190353,28.930981,0.0,Crane Vehicle,YERALTI
20.12.2025,23:57:15,40.190353,28.930981,0.0,Crane Vehicle,YERALTI
21.12.2025,00:07:15,40.190353,28.930981,0.0,Crane Vehicle,YERALTI
21.12.2025,00:17:15,40.190353,28.930981,0.0,Crane Vehicle,YERALTI
21.12.2025,00:27:15,40.190353,28.930981,0.0,Crane Vehicle,YERALTI
21.12.2025,00:46:34,40.190342,28.931091,0.0,Crane Vehicle,YERALTI
21.12.2025,00:56:34,40.190342,28.931091,0.0,Crane Vehicle,YERALTI
21.12.2025,01:06:33,40.190342,28.931091,0.0,Crane Vehicle,YERALTI
21.12.2025,01:16:33,40.190342,28.931091,0.0,Crane Vehicle,YERALTI
21.12.2025,01:26:33,40.190342,28.931091,0.0,Crane Vehicle,YERALTI
21.12.2025,01:36:33,40.190342,28.931091,0.0,Crane Vehicle,YERALTI
21.12.2025,01:46:33,40.190342,28.931091,0.0,Crane Vehicle,YERALTI
21.12.2025,01:56:33,40.190342,28.931091,0.0,Crane Vehicle,YERALTI
21.12.2025,01:56:33,40.190342,28.931091,0.0,Crane Vehicle,YERALTI
21.12.2025,02:06:33,40.190342,28.931091,0.0,Crane Vehicle,YERALTI
21.12.2025,02:16:33,40.190342,28.931091,0.0,Crane Vehicle,YERALTI
21.12.2025,02:26:33,40.190342,28.931091,0.0,Crane Vehicle,YERALTI
21.12.2025,02:36:33,40.190342,28.931091,0.0,Crane Vehicle,YERALTI
21.12.2025,02:46:33,40.190342,28.931091,0.0,Crane Vehicle,YERALTI
21.12.2025,02:56:33,40.190342,28.931091,0.0,Crane Vehicle,YERALTI
21.12.2025,03:06:33,40.190342,28.931091,0.0,Crane Vehicle,YERALTI
21.12.2025,03:06:33,40.190342,28.931091,0.0,Crane Vehicle,YERALTI
21.12.2025,03:16:33,40.190342,28.931091,0.0,Crane Vehicle,YERALTI
21.12.2025,03:26:33,40.190342,28.931091,0.0,Crane Vehicle,YERALTI
21.12.2025,03:36:33,40.190342,28.931091,0.0,Crane Vehicle,YERALTI
21.12.2025,03:46:33,40.190342,28.931091,0.0,Crane Vehicle,YERALTI
21.12.2025,03:56:33,40.190342,28.931091,0.0,Crane Vehicle,YERALTI
21.12.2025,04:06:33,40.190342,28.931091,0.0,Crane Vehicle,YERALTI
21.12.2025,04:06:33,40.190342,28.931091,0.0,Crane Vehicle,YERALTI
21.12.2025,04:16:33,40.190342,28.931091,0.0,Crane Vehicle,YERALTI
21.12.2025,04:26:33,40.190342,28.931091,0.0,Crane Vehicle,YERALTI
21.12.2025,04:36:33,40.190342,28.931091,0.0,Crane Vehicle,YERALTI
21.12.2025,04:46:33,40.190342,28.931091,0.0,Crane Vehicle,YERALTI
21.12.2025,04:56:33,40.190342,28.931091,0.0,Crane Vehicle,YERALTI
21.12.2025,05:06:33,40.190342,28.931091,0.0,Crane Vehicle,YERALTI
21.12.2025,05:06:33,40.190342,28.931091,0.0,Crane Vehicle,YERALTI
21.12.2025,05:16:33,40.190342,28.931091,0.0,Crane Vehicle,YERALTI
21.12.2025,05:26:33,40.190342,28.931091,0.0,Crane Vehicle,YERALTI
21.12.2025,05:36:33,40.190342,28.931091,0.0,Crane Vehicle,YERALTI
21.12.2025,05:46:33,40.190342,28.931091,0.0,Crane Vehicle,YERALTI
21.12.2025,05:56:33,40.190342,28.931091,0.0,Crane Vehicle,YERALTI
21.12.2025,06:06:33,40.190342,28.931091,0.0,Crane Vehicle,YERALTI
21.12.2025,06:06:33,40.190342,28.931091,0.0,Crane Vehicle,YERALTI
21.12.2025,06:16:33,40.190342,28.931091,0.0,Crane Vehicle,YERALTI
21.12.2025,06:26:33,40.190342,28.931091,0.0,Crane Vehicle,YERALTI
21.12.2025,06:36:33,40.190342,28.931091,0.0,Crane Vehicle,YERALTI
21.12.2025,06:46:33,40.190342,28.931091,0.0,Crane Vehicle,YERALTI
21.12.2025,06:56:33,40.190342,28.931091,0.0,Crane Vehicle,YERALTI
21.12.2025,07:06:33,40.190342,28.931091,0.0,Crane Vehicle,YERALTI
21.12.2025,07:06:33,40.190342,28.931091,0.0,Crane Vehicle,YERALTI
21.12.2025,07:16:33,40.190342,28.931091,0.0,Crane Vehicle,YERALTI
21.12.2025,07:26:33,40.190342,28.931091,0.0,Crane Vehicle,YERALTI
21.12.2025,07:36:33,40.190342,28.931091,0.0,Crane Vehicle,YERALTI
21.12.2025,07:46:33,40.190342,28.931091,0.0,Crane Vehicle,YERALTI
21.12.2025,07:56:33,40.190342,28.931091,0.0,Crane Vehicle,YERALTI
21.12.2025,08:06:33,40.190342,28.931091,0.0,Crane Vehicle,YERALTI
21.12.2025,08:06:33,40.190342,28.931091,0.0,Crane Vehicle,YERALTI
21.12.2025,08:16:32,40.190342,28.931091,0.0,Crane Vehicle,YERALTI
21.12.2025,08:26:32,40.190342,28.931091,0.0,Crane Vehicle,YERALTI
21.12.2025,08:36:32,40.190342,28.931091,0.0,Crane Vehicle,YERALTI
21.12.2025,08:46:32,40.190342,28.931091,0.0,Crane Vehicle,YERALTI
21.12.2025,08:56:32,40.190342,28.931091,0.0,Crane Vehicle,YERALTI
21.12.2025,09:06:32,40.190342,28.931091,0.0,Crane Vehicle,YERALTI
21.12.2025,09:06:32,40.190342,28.931091,0.0,Crane Vehicle,YERALTI
21.12.2025,09:16:32,40.190342,28.931091,0.0,Crane Vehicle,YERALTI
21.12.2025,09:26:32,40.190342,28.931091,0.0,Crane Vehicle,YERALTI
21.12.2025,09:36:32,40.190342,28.931091,0.0,Crane Vehicle,YERALTI
21.12.2025,09:46:32,40.190342,28.931091,0.0,Crane Vehicle,YERALTI
21.12.2025,09:56:32,40.190342,28.931091,0.0,Crane Vehicle,YERALTI
21.12.2025,10:06:32,40.190342,28.931091,0.0,Crane Vehicle,YERALTI
21.12.2025,10:06:32,40.190342,28.931091,0.0,Crane Vehicle,YERALTI
21.12.2025,10:16:32,40.190342,28.931091,0.0,Crane Vehicle,YERALTI
21.12.2025,10:26:32,40.190342,28.931091,0.0,Crane Vehicle,YERALTI
21.12.2025,10:36:32,40.190342,28.931091,0.0,Crane Vehicle,YERALTI
21.12.2025,10:46:32,40.190342,28.931091,0.0,Crane Vehicle,YERALTI
21.12.2025,10:56:32,40.190342,28.931091,0.0,Crane Vehicle,YERALTI
21.12.2025,11:06:32,40.190342,28.931091,0.0,Crane Vehicle,YERALTI
21.12.2025,11:06:32,40.190342,28.931091,0.0,Crane Vehicle,YERALTI
21.12.2025,11:16:32,40.190342,28.931091,0.0,Crane Vehicle,YERALTI
21.12.2025,11:26:32,40.190342,28.931091,0.0,Crane Vehicle,YERALTI
21.12.2025,11:36:32,40.190342,28.931091,0.0,Crane Vehicle,YERALTI
21.12.2025,11:46:32,40.190342,28.931091,0.0,Crane Vehicle,YERALTI
21.12.2025,11:56:32,40.190342,28.931091,0.0,Crane Vehicle,YERALTI
21.12.2025,12:06:32,40.190342,28.931091,0.0,Crane Vehicle,YERALTI
21.12.2025,12:06:32,40.190342,28.931091,0.0,Crane Vehicle,YERALTI
21.12.2025,12:16:32,40.190342,28.931091,0.0,Crane Vehicle,YERALTI
21.12.2025,12:26:32,40.190342,28.931091,0.0,Crane Vehicle,YERALTI
21.12.2025,12:36:32,40.190342,28.931091,0.0,Crane Vehicle,YERALTI
21.12.2025,12:46:32,40.190342,28.931091,0.0,Crane Vehicle,YERALTI
21.12.2025,12:56:32,40.190342,28.931091,0.0,Crane Vehicle,YERALTI
21.12.2025,13:06:32,40.190342,28.931091,0.0,Crane Vehicle,YERALTI
21.12.2025,13:06:32,40.190342,28.931091,0.0,Crane Vehicle,YERALTI
21.12.2025,13:16:32,40.190342,28.931091,0.0,Crane Vehicle,YERALTI
21.12.2025,13:26:32,40.190342,28.931091,0.0,Crane Vehicle,YERALTI
21.12.2025,13:36:32,40.190342,28.931091,0.0,Crane Vehicle,YERALTI
21.12.2025,13:46:32,40.190342,28.931091,0.0,Crane Vehicle,YERALTI
21.12.2025,13:56:32,40.190342,28.931091,0.0,Crane Vehicle,YERALTI
21.12.2025,14:06:32,40.190342,28.931091,0.0,Crane Vehicle,YERALTI
21.12.2025,14:06:32,40.190342,28.931091,0.0,Crane Vehicle,YERALTI
21.12.2025,14:16:32,40.190342,28.931091,0.0,Crane Vehicle,YERALTI
21.12.2025,14:26:32,40.190342,28.931091,0.0,Crane Vehicle,YERALTI
21.12.2025,14:36:32,40.190342,28.931091,0.0,Crane Vehicle,YERALTI
21.12.2025,14:46:32,40.190342,28.931091,0.0,Crane Vehicle,YERALTI
21.12.2025,14:56:32,40.190342,28.931091,0.0,Crane Vehicle,YERALTI
21.12.2025,15:06:32,40.190342,28.931091,0.0,Crane Vehicle,YERALTI
21.12.2025,15:06:32,40.190342,28.931091,0.0,Crane Vehicle,YERALTI
21.12.2025,15:16:31,40.190342,28.931091,0.0,Crane Vehicle,YERALTI
21.12.2025,15:26:31,40.190342,28.931091,0.0,Crane Vehicle,YERALTI
21.12.2025,15:36:31,40.190342,28.931091,0.0,Crane Vehicle,YERALTI
21.12.2025,15:46:31,40.190342,28.931091,0.0,Crane Vehicle,YERALTI
21.12.2025,15:56:31,40.190342,28.931091,0.0,Crane Vehicle,YERALTI
21.12.2025,16:06:31,40.190342,28.931091,0.0,Crane Vehicle,YERALTI
21.12.2025,16:06:31,40.190342,28.931091,0.0,Crane Vehicle,YERALTI
21.12.2025,16:16:31,40.190342,28.931091,0.0,Crane Vehicle,YERALTI
21.12.2025,16:26:31,40.190342,28.931091,0.0,Crane Vehicle,YERALTI
21.12.2025,16:36:31,40.190342,28.931091,0.0,Crane Vehicle,YERALTI
21.12.2025,16:46:31,40.190342,28.931091,0.0,Crane Vehicle,YERALTI
21.12.2025,16:56:31,40.190342,28.931091,0.0,Crane Vehicle,YERALTI
21.12.2025,17:06:31,40.190342,28.931091,0.0,Crane Vehicle,YERALTI
21.12.2025,17:06:31,40.190342,28.931091,0.0,Crane Vehicle,YERALTI
21.12.2025,17:16:31,40.190342,28.931091,0.0,Crane Vehicle,YERALTI
21.12.2025,17:26:31,40.190342,28.931091,0.0,Crane Vehicle,YERALTI
21.12.2025,17:36:31,40.190342,28.931091,0.0,Crane Vehicle,YERALTI
21.12.2025,17:46:31,40.190342,28.931091,0.0,Crane Vehicle,YERALTI
21.12.2025,17:56:31,40.190342,28.931091,0.0,Crane Vehicle,YERALTI
21.12.2025,18:06:31,40.190342,28.931091,0.0,Crane Vehicle,YERALTI
21.12.2025,18:06:31,40.190342,28.931091,0.0,Crane Vehicle,YERALTI
21.12.2025,18:16:31,40.190342,28.931091,0.0,Crane Vehicle,YERALTI
21.12.2025,18:26:31,40.190342,28.931091,0.0,Crane Vehicle,YERALTI
21.12.2025,18:36:31,40.190342,28.931091,0.0,Crane Vehicle,YERALTI
21.12.2025,18:46:31,40.190342,28.931091,0.0,Crane Vehicle,YERALTI
21.12.2025,18:56:31,40.190342,28.931091,0.0,Crane Vehicle,YERALTI
21.12.2025,19:06:31,40.190342,28.931091,0.0,Crane Vehicle,YERALTI
21.12.2025,19:06:31,40.190342,28.931091,0.0,Crane Vehicle,YERALTI
21.12.2025,19:16:31,40.190342,28.931091,0.0,Crane Vehicle,YERALTI
21.12.2025,19:26:31,40.190342,28.931091,0.0,Crane Vehicle,YERALTI
21.12.2025,19:36:31,40.190342,28.931091,0.0,Crane Vehicle,YERALTI
21.12.2025,19:46:31,40.190342,28.931091,0.0,Crane Vehicle,YERALTI
21.12.2025,19:56:31,40.190342,28.931091,0.0,Crane Vehicle,YERALTI
21.12.2025,20:06:31,40.190342,28.931091,0.0,Crane Vehicle,YERALTI
21.12.2025,20:06:31,40.190342,28.931091,0.0,Crane Vehicle,YERALTI
21.12.2025,20:16:31,40.190342,28.931091,0.0,Crane Vehicle,YERALTI
21.12.2025,20:26:31,40.190342,28.931091,0.0,Crane Vehicle,YERALTI
21.12.2025,20:36:31,40.190342,28.931091,0.0,Crane Vehicle,YERALTI
21.12.2025,20:46:31,40.190342,28.931091,0.0,Crane Vehicle,YERALTI
21.12.2025,20:56:31,40.190342,28.931091,0.0,Crane Vehicle,YERALTI
21.12.2025,21:06:31,40.190342,28.931091,0.0,Crane Vehicle,YERALTI
21.12.2025,21:06:31,40.190342,28.931091,0.0,Crane Vehicle,YERALTI
21.12.2025,21:16:31,40.190342,28.931091,0.0,Crane Vehicle,YERALTI
21.12.2025,21:26:31,40.190342,28.931091,0.0,Crane Vehicle,YERALTI
21.12.2025,21:36:31,40.190342,28.931091,0.0,Crane Vehicle,YERALTI
21.12.2025,21:46:31,40.190342,28.931091,0.0,Crane Vehicle,YERALTI
21.12.2025,21:56:31,40.190342,28.931091,0.0,Crane Vehicle,YERALTI
21.12.2025,22:06:31,40.190342,28.931091,0.0,Crane Vehicle,YERALTI
21.12.2025,22:06:31,40.190342,28.931091,0.0,Crane Vehicle,YERALTI
21.12.2025,22:16:31,40.190342,28.931091,0.0,Crane Vehicle,YERALTI
21.12.2025,22:26:30,40.190342,28.931091,0.0,Crane Vehicle,YERALTI
21.12.2025,22:36:30,40.190342,28.931091,0.0,Crane Vehicle,YERALTI
21.12.2025,22:46:30,40.190342,28.931091,0.0,Crane Vehicle,YERALTI
21.12.2025,22:56:30,40.190342,28.931091,0.0,Crane Vehicle,YERALTI
21.12.2025,23:06:30,40.190342,28.931091,0.0,Crane Vehicle,YERALTI
21.12.2025,23:06:30,40.190342,28.931091,0.0,Crane Vehicle,YERALTI
21.12.2025,23:16:30,40.190342,28.931091,0.0,Crane Vehicle,YERALTI
21.12.2025,23:26:30,40.190342,28.931091,0.0,Crane Vehicle,YERALTI
21.12.2025,23:36:30,40.190342,28.931091,0.0,Crane Vehicle,YERALTI
21.12.2025,23:46:30,40.190342,28.931091,0.0,Crane Vehicle,YERALTI
21.12.2025,23:56:30,40.190342,28.931091,0.0,Crane Vehicle,YERALTI
22.12.2025,00:06:30,40.190342,28.931091,0.0,Crane Vehicle,YERALTI
22.12.2025,00:16:30,40.190342,28.931091,0.0,Crane Vehicle,YERALTI
22.12.2025,00:16:30,40.190342,28.931091,0.0,Crane Vehicle,YERALTI
22.12.2025,00:26:30,40.190342,28.931091,0.0,Crane Vehicle,YERALTI
22.12.2025,00:36:30,40.190342,28.931091,0.0,Crane Vehicle,YERALTI
22.12.2025,00:46:30,40.190342,28.931091,0.0,Crane Vehicle,YERALTI
22.12.2025,00:56:30,40.190342,28.931091,0.0,Crane Vehicle,YERALTI
22.12.2025,01:06:30,40.190342,28.931091,0.0,Crane Vehicle,YERALTI
22.12.2025,01:06:30,40.190342,28.931091,0.0,Crane Vehicle,YERALTI
22.12.2025,01:16:30,40.190342,28.931091,0.0,Crane Vehicle,YERALTI
22.12.2025,01:26:30,40.190342,28.931091,0.0,Crane Vehicle,YERALTI
22.12.2025,01:36:30,40.190342,28.931091,0.0,Crane Vehicle,YERALTI
22.12.2025,01:46:30,40.190342,28.931091,0.0,Crane Vehicle,YERALTI
22.12.2025,01:56:30,40.190342,28.931091,0.0,Crane Vehicle,YERALTI
22.12.2025,02:06:30,40.190342,28.931091,0.0,Crane Vehicle,YERALTI
22.12.2025,02:06:30,40.190342,28.931091,0.0,Crane Vehicle,YERALTI
22.12.2025,02:16:30,40.190342,28.931091,0.0,Crane Vehicle,YERALTI
22.12.2025,02:26:30,40.190342,28.931091,0.0,Crane Vehicle,YERALTI
22.12.2025,02:36:30,40.190342,28.931091,0.0,Crane Vehicle,YERALTI
22.12.2025,02:46:30,40.190342,28.931091,0.0,Crane Vehicle,YERALTI
22.12.2025,02:56:30,40.190342,28.931091,0.0,Crane Vehicle,YERALTI
22.12.2025,03:06:30,40.190342,28.931091,0.0,Crane Vehicle,YERALTI
22.12.2025,03:06:30,40.190342,28.931091,0.0,Crane Vehicle,YERALTI
22.12.2025,03:16:30,40.190342,28.931091,0.0,Crane Vehicle,YERALTI
22.12.2025,03:26:30,40.190342,28.931091,0.0,Crane Vehicle,YERALTI
22.12.2025,03:36:30,40.190342,28.931091,0.0,Crane Vehicle,YERALTI
22.12.2025,03:46:30,40.190342,28.931091,0.0,Crane Vehicle,YERALTI
22.12.2025,03:56:30,40.190342,28.931091,0.0,Crane Vehicle,YERALTI
22.12.2025,04:06:30,40.190342,28.931091,0.0,Crane Vehicle,YERALTI
22.12.2025,04:06:30,40.190342,28.931091,0.0,Crane Vehicle,YERALTI
22.12.2025,04:16:30,40.190342,28.931091,0.0,Crane Vehicle,YERALTI
22.12.2025,04:26:30,40.190342,28.931091,0.0,Crane Vehicle,YERALTI
22.12.2025,04:36:30,40.190342,28.931091,0.0,Crane Vehicle,YERALTI
22.12.2025,04:46:30,40.190342,28.931091,0.0,Crane Vehicle,YERALTI
22.12.2025,04:56:30,40.190342,28.931091,0.0,Crane Vehicle,YERALTI
22.12.2025,05:06:30,40.190342,28.931091,0.0,Crane Vehicle,YERALTI
22.12.2025,05:06:30,40.190342,28.931091,0.0,Crane Vehicle,YERALTI
22.12.2025,05:16:30,40.190342,28.931091,0.0,Crane Vehicle,YERALTI
22.12.2025,05:26:30,40.190342,28.931091,0.0,Crane Vehicle,YERALTI
22.12.2025,05:36:29,40.190342,28.931091,0.0,Crane Vehicle,YERALTI
22.12.2025,05:46:29,40.190342,28.931091,0.0,Crane Vehicle,YERALTI
22.12.2025,05:56:29,40.190342,28.931091,0.0,Crane Vehicle,YERALTI
22.12.2025,06:06:29,40.190342,28.931091,0.0,Crane Vehicle,YERALTI
22.12.2025,06:06:29,40.190342,28.931091,0.0,Crane Vehicle,YERALTI
22.12.2025,06:16:29,40.190342,28.931091,0.0,Crane Vehicle,YERALTI
22.12.2025,06:26:29,40.190342,28.931091,0.0,Crane Vehicle,YERALTI
22.12.2025,06:36:29,40.190342,28.931091,0.0,Crane Vehicle,YERALTI
22.12.2025,06:46:29,40.190342,28.931091,0.0,Crane Vehicle,YERALTI
22.12.2025,06:56:29,40.190342,28.931091,0.0,Crane Vehicle,YERALTI
22.12.2025,07:06:29,40.190342,28.931091,0.0,Crane Vehicle,YERALTI
22.12.2025,07:06:29,40.190342,28.931091,0.0,Crane Vehicle,YERALTI
22.12.2025,07:16:29,40.190342,28.931091,0.0,Crane Vehicle,YERALTI
22.12.2025,07:16:29,40.190342,28.931091,0.0,Crane Vehicle,YERALTI
22.12.2025,07:26:29,40.190342,28.931091,0.0,Crane Vehicle,YERALTI
22.12.2025,07:26:29,40.190342,28.931091,0.0,Crane Vehicle,YERALTI
22.12.2025,07:29:23,40.19017,28.930971,0.0,Crane Vehicle,YERALTI
22.12.2025,07:29:23,40.19017,28.930971,0.0,Crane Vehicle,YERALTI
22.12.2025,07:29:50,40.190132,28.931492,0.0,Crane Vehicle,YERALTI
22.12.2025,07:30:30,40.187981,28.929314,0.0,Crane Vehicle,YERALTI
22.12.2025,07:30:40,40.187977,28.929304,0.0,Crane Vehicle,YERALTI
22.12.2025,07:37:39,40.211716,28.92454,0.0,Crane Vehicle,YERALTI
22.12.2025,07:38:12,40.21283,28.924124,0.0,Crane Vehicle,YERALTI
22.12.2025,07:41:09,40.215504,28.938126,0.0,Crane Vehicle,YERALTI
22.12.2025,07:43:23,40.218117,28.938335,0.0,Crane Vehicle,YERALTI
22.12.2025,07:51:17,40.218163,28.939907,0.0,Crane Vehicle,YERALTI
22.12.2025,07:55:23,40.217617,28.940212,0.0,Crane Vehicle,YERALTI
22.12.2025,07:55:33,40.217602,28.940195,0.0,Crane Vehicle,YERALTI
22.12.2025,07:58:25,40.217018,28.940727,0.0,Crane Vehicle,YERALTI
22.12.2025,07:59:26,40.217762,28.9403,0.0,Crane Vehicle,YERALTI
22.12.2025,07:59:35,40.217773,28.940313,0.0,Crane Vehicle,YERALTI
22.12.2025,08:00:30,40.218708,28.941235,0.0,Crane Vehicle,YERALTI
22.12.2025,08:07:10,40.218784,28.942059,0.0,Crane Vehicle,YERALTI
22.12.2025,08:07:20,40.218781,28.942064,0.0,Crane Vehicle,YERALTI
22.12.2025,08:14:28,40.218697,28.942116,0.0,Crane Vehicle,YERALTI
22.12.2025,08:14:53,40.218075,28.941978,0.0,Crane Vehicle,YERALTI
22.12.2025,08:15:22,40.217953,28.942358,0.0,Crane Vehicle,YERALTI
22.12.2025,08:33:57,40.218449,28.944691,0.0,Crane Vehicle,YERALTI
22.12.2025,08:35:31,40.21867,28.945354,0.0,Crane Vehicle,YERALTI
22.12.2025,08:36:59,40.217579,28.945539,0.0,Crane Vehicle,YERALTI
22.12.2025,08:37:09,40.217579,28.945534,0.0,Crane Vehicle,YERALTI
22.12.2025,08:45:26,40.215416,28.947876,0.0,Crane Vehicle,YERALTI
22.12.2025,08:54:25,40.216362,28.947775,0.0,Crane Vehicle,YERALTI
22.12.2025,08:55:22,40.217514,28.948248,0.0,Crane Vehicle,YERALTI
22.12.2025,08:55:36,40.217533,28.948463,0.0,Crane Vehicle,YERALTI
22.12.2025,09:00:50,40.220039,28.948343,0.0,Crane Vehicle,YERALTI
22.12.2025,09:01:01,40.220097,28.948318,0.0,Crane Vehicle,YERALTI
22.12.2025,09:05:23,40.221451,28.948473,0.0,Crane Vehicle,YERALTI
22.12.2025,09:05:33,40.221451,28.948473,0.0,Crane Vehicle,YERALTI
22.12.2025,09:09:56,40.221813,28.947214,0.0,Crane Vehicle,YERALTI
22.12.2025,09:10:06,40.221634,28.946955,0.0,Crane Vehicle,YERALTI
22.12.2025,09:10:16,40.221634,28.946947,0.0,Crane Vehicle,YERALTI
22.12.2025,09:14:36,40.221588,28.945629,0.0,Crane Vehicle,YERALTI
22.12.2025,09:18:50,40.221756,28.944662,0.0,Crane Vehicle,YERALTI
22.12.2025,09:19:41,40.222729,28.942894,0.0,Crane Vehicle,YERALTI
22.12.2025,09:21:06,40.221519,28.940351,0.0,Crane Vehicle,YERALTI
22.12.2025,09:27:11,40.22237,28.938335,0.0,Crane Vehicle,YERALTI
22.12.2025,09:30:19,40.235931,28.924154,0.0,Crane Vehicle,YERALTI
22.12.2025,09:31:49,40.241806,28.919193,0.0,Crane Vehicle,YERALTI
22.12.2025,10:19:24,40.263893,28.969215,0.0,Crane Vehicle,YERALTI
22.12.2025,10:40:43,40.234119,28.969969,0.0,Crane Vehicle,YERALTI
22.12.2025,10:43:29,40.226219,28.962095,0.0,Crane Vehicle,YERALTI
22.12.2025,10:43:39,40.226212,28.962086,0.0,Crane Vehicle,YERALTI
22.12.2025,10:53:39,40.226212,28.962086,0.0,Crane Vehicle,YERALTI
22.12.2025,10:54:36,40.224602,28.961075,0.0,Crane Vehicle,YERALTI
22.12.2025,10:56:11,40.219948,28.957937,0.0,Crane Vehicle,YERALTI
22.12.2025,10:56:33,40.220203,28.956821,0.0,Crane Vehicle,YERALTI
22.12.2025,10:56:47,40.219967,28.956425,0.0,Crane Vehicle,YERALTI
22.12.2025,10:56:57,40.219975,28.956425,0.0,Crane Vehicle,YERALTI
22.12.2025,10:58:20,40.220272,28.956236,0.0,Crane Vehicle,YERALTI
22.12.2025,10:58:54,40.220615,28.955833,0.0,Crane Vehicle,YERALTI
22.12.2025,10:59:04,40.220669,28.955763,0.0,Crane Vehicle,YERALTI
22.12.2025,11:09:04,40.220669,28.955763,0.0,Crane Vehicle,YERALTI
22.12.2025,11:09:04,40.220669,28.955763,0.0,Crane Vehicle,YERALTI
22.12.2025,11:11:58,40.219181,28.9555,0.0,Crane Vehicle,YERALTI
22.12.2025,11:20:02,40.218189,28.955511,0.0,Crane Vehicle,YERALTI
22.12.2025,11:24:13,40.21822,28.954634,0.0,Crane Vehicle,YERALTI
22.12.2025,11:24:33,40.218098,28.954557,0.0,Crane Vehicle,YERALTI
22.12.2025,11:25:03,40.218525,28.954576,0.0,Crane Vehicle,YERALTI
22.12.2025,11:37:17,40.217602,28.961901,0.0,Crane Vehicle,YERALTI
22.12.2025,11:37:27,40.217735,28.96209,0.0,Crane Vehicle,YERALTI
22.12.2025,11:37:37,40.217735,28.962091,0.0,Crane Vehicle,YERALTI
22.12.2025,11:46:33,40.218822,28.963598,0.0,Crane Vehicle,YERALTI
22.12.2025,11:47:28,40.217686,28.965105,0.0,Crane Vehicle,YERALTI
22.12.2025,11:56:18,40.216827,28.969034,0.0,Crane Vehicle,YERALTI
22.12.2025,11:57:51,40.216408,28.973511,0.0,Crane Vehicle,YERALTI
22.12.2025,11:59:38,40.216549,28.976048,0.0,Crane Vehicle,YERALTI
22.12.2025,11:59:48,40.216534,28.976082,0.0,Crane Vehicle,YERALTI
22.12.2025,12:00:26,40.216549,28.976549,0.0,Crane Vehicle,YERALTI
22.12.2025,12:05:27,40.216381,28.976425,0.0,Crane Vehicle,YERALTI
22.12.2025,12:05:44,40.216454,28.976706,0.0,Crane Vehicle,YERALTI
22.12.2025,12:07:19,40.217552,28.978498,0.0,Crane Vehicle,YERALTI
22.12.2025,12:07:29,40.217522,28.978483,0.0,Crane Vehicle,YERALTI
22.12.2025,12:17:29,40.217522,28.978483,0.0,Crane Vehicle,YERALTI
22.12.2025,12:19:49,40.216667,28.977701,0.0,Crane Vehicle,YERALTI
22.12.2025,12:31:03,40.21693,28.896606,0.0,Crane Vehicle,YERALTI
22.12.2025,12:31:33,40.217636,28.896555,0.0,Crane Vehicle,YERALTI
22.12.2025,12:31:54,40.217602,28.896421,0.0,Crane Vehicle,YERALTI
22.12.2025,12:33:17,40.217731,28.897484,0.0,Crane Vehicle,YERALTI
22.12.2025,12:33:27,40.217735,28.897507,0.0,Crane Vehicle,YERALTI
22.12.2025,12:37:36,40.217609,28.896544,0.0,Crane Vehicle,YERALTI
22.12.2025,12:41:33,40.217533,28.895325,0.0,Crane Vehicle,YERALTI
22.12.2025,12:42:54,40.216721,28.891071,0.0,Crane Vehicle,YERALTI
22.12.2025,12:48:48,40.217335,28.888504,0.0,Crane Vehicle,YERALTI
22.12.2025,12:52:35,40.21843,28.887684,0.0,Crane Vehicle,YERALTI
22.12.2025,12:56:51,40.218163,28.887856,0.0,Crane Vehicle,YERALTI
22.12.2025,12:57:30,40.218513,28.890154,0.0,Crane Vehicle,YERALTI
22.12.2025,12:57:39,40.218513,28.890165,0.0,Crane Vehicle,YERALTI
22.12.2025,12:58:04,40.218403,28.891386,0.0,Crane Vehicle,YERALTI
22.12.2025,12:58:14,40.218403,28.891386,0.0,Crane Vehicle,YERALTI
22.12.2025,13:01:44,40.218647,28.891956,0.0,Crane Vehicle,YERALTI
22.12.2025,13:01:54,40.218647,28.891953,0.0,Crane Vehicle,YERALTI
22.12.2025,13:06:11,40.219105,28.892782,0.0,Crane Vehicle,YERALTI
22.12.2025,13:15:59,40.218792,28.894199,0.0,Crane Vehicle,YERALTI
22.12.2025,13:20:42,40.218437,28.898479,0.0,Crane Vehicle,YERALTI
22.12.2025,13:30:01,40.220501,28.911221,0.0,Crane Vehicle,YERALTI
22.12.2025,13:30:15,40.220573,28.911427,0.0,Crane Vehicle,YERALTI
22.12.2025,13:30:46,40.220707,28.913801,0.0,Crane Vehicle,YERALTI
22.12.2025,13:30:55,40.220707,28.913815,0.0,Crane Vehicle,YERALTI
22.12.2025,13:31:56,40.220718,28.914978,0.0,Crane Vehicle,YERALTI
22.12.2025,13:32:04,40.22073,28.91497,0.0,Crane Vehicle,YERALTI
22.12.2025,13:32:49,40.223339,28.914913,0.0,Crane Vehicle,YERALTI
22.12.2025,13:33:47,40.225117,28.915155,0.0,Crane Vehicle,YERALTI
22.12.2025,13:33:56,40.225124,28.915159,0.0,Crane Vehicle,YERALTI
22.12.2025,13:35:16,40.228703,28.915836,0.0,Crane Vehicle,YERALTI
22.12.2025,13:35:25,40.22871,28.915836,0.0,Crane Vehicle,YERALTI
22.12.2025,13:36:55,40.234573,28.919851,0.0,Crane Vehicle,YERALTI
22.12.2025,13:37:37,40.235699,28.922712,0.0,Crane Vehicle,YERALTI
22.12.2025,13:37:59,40.23597,28.923342,0.0,Crane Vehicle,YERALTI
22.12.2025,13:54:15,40.272934,28.970551,0.0,Crane Vehicle,YERALTI
22.12.2025,13:54:39,40.2728,28.970644,0.0,Crane Vehicle,YERALTI
22.12.2025,13:54:59,40.272629,28.97076,0.0,Crane Vehicle,YERALTI
22.12.2025,13:58:55,40.262421,28.967382,0.0,Crane Vehicle,YERALTI
22.12.2025,14:01:28,40.265114,28.971045,0.0,Crane Vehicle,YERALTI
22.12.2025,14:02:10,40.265152,28.971476,0.0,Crane Vehicle,YERALTI
22.12.2025,14:13:51,40.269375,28.977306,0.0,Crane Vehicle,YERALTI
22.12.2025,14:21:44,40.270378,28.95035,0.0,Crane Vehicle,YERALTI
22.12.2025,14:22:00,40.27026,28.95013,0.0,Crane Vehicle,YERALTI
22.12.2025,14:22:32,40.271072,28.949268,0.0,Crane Vehicle,YERALTI
22.12.2025,14:22:42,40.271084,28.949259,0.0,Crane Vehicle,YERALTI
22.12.2025,14:33:01,40.233955,28.969757,0.0,Crane Vehicle,YERALTI
22.12.2025,14:35:43,40.221054,28.953487,0.0,Crane Vehicle,YERALTI
22.12.2025,14:37:31,40.21035,28.952564,0.0,Crane Vehicle,YERALTI
22.12.2025,14:39:40,40.20195,28.948391,0.0,Crane Vehicle,YERALTI
22.12.2025,14:39:40,40.20195,28.948391,0.0,Crane Vehicle,YERALTI
22.12.2025,14:39:50,40.201942,28.948378,0.0,Crane Vehicle,YERALTI
22.12.2025,14:41:46,40.197754,28.939455,0.0,Crane Vehicle,YERALTI
22.12.2025,14:43:35,40.190189,28.931431,0.0,Crane Vehicle,YERALTI
22.12.2025,14:43:44,40.190208,28.931396,0.0,Crane Vehicle,YERALTI
22.12.2025,14:44:12,40.190285,28.930696,0.0,Crane Vehicle,YERALTI
22.12.2025,14:44:18,40.190346,28.930843,0.0,Crane Vehicle,YERALTI
22.12.2025,14:44:27,40.190361,28.930847,0.0,Crane Vehicle,YERALTI
22.12.2025,14:49:01,40.190365,28.930939,0.0,Crane Vehicle,YERALTI
22.12.2025,14:59:01,40.190365,28.930939,0.0,Crane Vehicle,YERALTI
22.12.2025,15:09:01,40.190365,28.930939,0.0,Crane Vehicle,YERALTI
22.12.2025,15:09:01,40.190365,28.930939,0.0,Crane Vehicle,YERALTI
22.12.2025,15:19:01,40.190365,28.930939,0.0,Crane Vehicle,YERALTI
22.12.2025,15:29:01,40.190365,28.930939,0.0,Crane Vehicle,YERALTI
22.12.2025,15:39:01,40.190365,28.930939,0.0,Crane Vehicle,YERALTI
22.12.2025,15:49:01,40.190365,28.930939,0.0,Crane Vehicle,YERALTI
22.12.2025,15:59:01,40.190365,28.930939,0.0,Crane Vehicle,YERALTI
22.12.2025,16:09:01,40.190365,28.930939,0.0,Crane Vehicle,YERALTI
22.12.2025,16:19:01,40.190365,28.930939,0.0,Crane Vehicle,YERALTI
22.12.2025,16:29:01,40.190365,28.930939,0.0,Crane Vehicle,YERALTI
22.12.2025,16:39:01,40.190365,28.930939,0.0,Crane Vehicle,YERALTI
22.12.2025,16:49:01,40.190365,28.930939,0.0,Crane Vehicle,YERALTI
22.12.2025,16:59:00,40.190365,28.930939,0.0,Crane Vehicle,YERALTI
22.12.2025,17:09:01,40.190365,28.930939,0.0,Crane Vehicle,YERALTI
22.12.2025,17:19:00,40.190365,28.930939,0.0,Crane Vehicle,YERALTI
22.12.2025,17:29:00,40.190365,28.930939,0.0,Crane Vehicle,YERALTI
22.12.2025,17:39:00,40.190365,28.930939,0.0,Crane Vehicle,YERALTI
22.12.2025,17:49:00,40.190365,28.930939,0.0,Crane Vehicle,YERALTI
22.12.2025,17:59:00,40.190365,28.930939,0.0,Crane Vehicle,YERALTI
22.12.2025,18:09:00,40.190365,28.930939,0.0,Crane Vehicle,YERALTI
22.12.2025,18:19:00,40.190365,28.930939,0.0,Crane Vehicle,YERALTI
22.12.2025,18:29:00,40.190365,28.930939,0.0,Crane Vehicle,YERALTI
22.12.2025,18:39:00,40.190365,28.930939,0.0,Crane Vehicle,YERALTI
22.12.2025,18:49:00,40.190365,28.930939,0.0,Crane Vehicle,YERALTI
22.12.2025,18:59:00,40.190365,28.930939,0.0,Crane Vehicle,YERALTI
22.12.2025,19:09:00,40.190365,28.930939,0.0,Crane Vehicle,YERALTI
22.12.2025,19:19:00,40.190365,28.930939,0.0,Crane Vehicle,YERALTI
22.12.2025,19:29:00,40.190365,28.930939,0.0,Crane Vehicle,YERALTI
22.12.2025,19:39:00,40.190365,28.930939,0.0,Crane Vehicle,YERALTI
22.12.2025,19:49:00,40.190365,28.930939,0.0,Crane Vehicle,YERALTI
22.12.2025,19:59:00,40.190365,28.930939,0.0,Crane Vehicle,YERALTI
22.12.2025,20:09:00,40.190365,28.930939,0.0,Crane Vehicle,YERALTI
22.12.2025,20:19:00,40.190365,28.930939,0.0,Crane Vehicle,YERALTI
22.12.2025,20:29:00,40.190365,28.930939,0.0,Crane Vehicle,YERALTI
22.12.2025,20:39:00,40.190365,28.930939,0.0,Crane Vehicle,YERALTI
22.12.2025,20:49:00,40.190365,28.930939,0.0,Crane Vehicle,YERALTI
22.12.2025,20:59:00,40.190365,28.930939,0.0,Crane Vehicle,YERALTI
22.12.2025,21:09:52,40.190449,28.930868,0.0,Crane Vehicle,YERALTI
22.12.2025,21:19:52,40.190449,28.930868,0.0,Crane Vehicle,YERALTI
22.12.2025,21:29:52,40.190449,28.930868,0.0,Crane Vehicle,YERALTI
22.12.2025,21:39:52,40.190449,28.930868,0.0,Crane Vehicle,YERALTI
22.12.2025,21:49:52,40.190449,28.930868,0.0,Crane Vehicle,YERALTI
22.12.2025,21:59:52,40.190449,28.930868,0.0,Crane Vehicle,YERALTI
22.12.2025,22:09:52,40.190449,28.930868,0.0,Crane Vehicle,YERALTI
22.12.2025,22:19:52,40.190449,28.930868,0.0,Crane Vehicle,YERALTI
22.12.2025,22:29:52,40.190449,28.930868,0.0,Crane Vehicle,YERALTI
22.12.2025,22:39:52,40.190449,28.930868,0.0,Crane Vehicle,YERALTI
22.12.2025,22:49:52,40.190449,28.930868,0.0,Crane Vehicle,YERALTI
22.12.2025,22:59:52,40.190449,28.930868,0.0,Crane Vehicle,YERALTI
22.12.2025,23:09:52,40.190449,28.930868,0.0,Crane Vehicle,YERALTI
22.12.2025,23:19:52,40.190449,28.930868,0.0,Crane Vehicle,YERALTI
22.12.2025,23:29:52,40.190449,28.930868,0.0,Crane Vehicle,YERALTI
22.12.2025,23:39:52,40.190449,28.930868,0.0,Crane Vehicle,YERALTI
22.12.2025,23:49:52,40.190449,28.930868,0.0,Crane Vehicle,YERALTI
22.12.2025,23:59:52,40.190449,28.930868,0.0,Crane Vehicle,YERALTI
23.12.2025,00:09:52,40.190449,28.930868,0.0,Crane Vehicle,YERALTI
23.12.2025,00:19:52,40.190449,28.930868,0.0,Crane Vehicle,YERALTI
23.12.2025,00:29:52,40.190449,28.930868,0.0,Crane Vehicle,YERALTI
23.12.2025,00:39:52,40.190449,28.930868,0.0,Crane Vehicle,YERALTI
23.12.2025,00:49:52,40.190449,28.930868,0.0,Crane Vehicle,YERALTI
23.12.2025,00:59:52,40.190449,28.930868,0.0,Crane Vehicle,YERALTI
23.12.2025,01:09:52,40.190449,28.930868,0.0,Crane Vehicle,YERALTI
23.12.2025,01:19:52,40.190449,28.930868,0.0,Crane Vehicle,YERALTI
23.12.2025,01:29:52,40.190449,28.930868,0.0,Crane Vehicle,YERALTI
23.12.2025,01:39:52,40.190449,28.930868,0.0,Crane Vehicle,YERALTI
23.12.2025,01:49:52,40.190449,28.930868,0.0,Crane Vehicle,YERALTI
23.12.2025,01:59:52,40.190449,28.930868,0.0,Crane Vehicle,YERALTI
23.12.2025,02:09:52,40.190449,28.930868,0.0,Crane Vehicle,YERALTI
23.12.2025,02:19:52,40.190449,28.930868,0.0,Crane Vehicle,YERALTI
23.12.2025,02:29:52,40.190449,28.930868,0.0,Crane Vehicle,YERALTI
23.12.2025,02:39:52,40.190449,28.930868,0.0,Crane Vehicle,YERALTI
23.12.2025,02:49:52,40.190449,28.930868,0.0,Crane Vehicle,YERALTI
23.12.2025,03:09:10,40.190437,28.930828,0.0,Crane Vehicle,YERALTI
23.12.2025,03:19:10,40.190437,28.930828,0.0,Crane Vehicle,YERALTI
23.12.2025,03:29:10,40.190437,28.930828,0.0,Crane Vehicle,YERALTI
23.12.2025,03:39:10,40.190437,28.930828,0.0,Crane Vehicle,YERALTI
23.12.2025,03:49:10,40.190437,28.930828,0.0,Crane Vehicle,YERALTI
23.12.2025,03:59:10,40.190437,28.930828,0.0,Crane Vehicle,YERALTI
23.12.2025,04:09:10,40.190437,28.930828,0.0,Crane Vehicle,YERALTI
23.12.2025,04:19:10,40.190437,28.930828,0.0,Crane Vehicle,YERALTI
23.12.2025,04:29:10,40.190437,28.930828,0.0,Crane Vehicle,YERALTI
23.12.2025,04:39:10,40.190437,28.930828,0.0,Crane Vehicle,YERALTI
23.12.2025,04:49:10,40.190437,28.930828,0.0,Crane Vehicle,YERALTI
23.12.2025,04:59:10,40.190437,28.930828,0.0,Crane Vehicle,YERALTI
23.12.2025,05:09:10,40.190437,28.930828,0.0,Crane Vehicle,YERALTI
23.12.2025,05:19:10,40.190437,28.930828,0.0,Crane Vehicle,YERALTI
23.12.2025,05:29:10,40.190437,28.930828,0.0,Crane Vehicle,YERALTI
23.12.2025,05:39:10,40.190437,28.930828,0.0,Crane Vehicle,YERALTI
23.12.2025,05:49:10,40.190437,28.930828,0.0,Crane Vehicle,YERALTI
23.12.2025,05:59:10,40.190437,28.930828,0.0,Crane Vehicle,YERALTI
23.12.2025,06:09:10,40.190437,28.930828,0.0,Crane Vehicle,YERALTI
23.12.2025,06:19:10,40.190437,28.930828,0.0,Crane Vehicle,YERALTI
23.12.2025,06:29:10,40.190437,28.930828,0.0,Crane Vehicle,YERALTI
23.12.2025,06:39:10,40.190437,28.930828,0.0,Crane Vehicle,YERALTI
23.12.2025,06:49:09,40.190437,28.930828,0.0,Crane Vehicle,YERALTI
23.12.2025,06:59:09,40.190437,28.930828,0.0,Crane Vehicle,YERALTI
23.12.2025,07:09:09,40.190437,28.930828,0.0,Crane Vehicle,YERALTI
23.12.2025,07:19:09,40.190437,28.930828,0.0,Crane Vehicle,YERALTI
23.12.2025,07:29:09,40.190437,28.930828,0.0,Crane Vehicle,YERALTI
23.12.2025,07:37:22,40.190193,28.93144,0.0,Crane Vehicle,YERALTI
23.12.2025,07:38:54,40.188129,28.929455,0.0,Crane Vehicle,YERALTI
23.12.2025,07:45:00,40.208797,28.923437,0.0,Crane Vehicle,YERALTI
23.12.2025,07:47:15,40.210342,28.916576,0.0,Crane Vehicle,YERALTI
23.12.2025,07:49:14,40.218437,28.914856,0.0,Crane Vehicle,YERALTI
23.12.2025,07:49:24,40.218437,28.914856,0.0,Crane Vehicle,YERALTI
23.12.2025,07:50:24,40.220253,28.91473,0.0,Crane Vehicle,YERALTI
23.12.2025,07:50:34,40.220253,28.91473,0.0,Crane Vehicle,YERALTI
23.12.2025,07:51:06,40.221062,28.91453,0.0,Crane Vehicle,YERALTI
23.12.2025,07:56:14,40.219994,28.889526,0.0,Crane Vehicle,YERALTI
23.12.2025,07:56:29,40.220116,28.890026,0.0,Crane Vehicle,YERALTI
23.12.2025,07:56:38,40.220116,28.89003,0.0,Crane Vehicle,YERALTI
23.12.2025,07:57:13,40.220184,28.890251,0.0,Crane Vehicle,YERALTI
23.12.2025,08:04:24,40.220051,28.889854,0.0,Crane Vehicle,YERALTI
23.12.2025,08:04:41,40.220043,28.889988,0.0,Crane Vehicle,YERALTI
23.12.2025,08:05:11,40.219421,28.890341,0.0,Crane Vehicle,YERALTI
23.12.2025,08:08:41,40.218937,28.890373,0.0,Crane Vehicle,YERALTI
23.12.2025,08:08:57,40.218822,28.890335,0.0,Crane Vehicle,YERALTI
23.12.2025,08:12:38,40.218575,28.890293,0.0,Crane Vehicle,YERALTI
23.12.2025,08:12:39,40.218555,28.890299,0.0,Crane Vehicle,YERALTI
23.12.2025,08:14:54,40.220158,28.899076,0.0,Crane Vehicle,YERALTI
23.12.2025,08:17:26,40.22068,28.911755,0.0,Crane Vehicle,YERALTI
23.12.2025,08:17:56,40.220692,28.913935,0.0,Crane Vehicle,YERALTI
23.12.2025,08:19:40,40.220535,28.917631,0.0,Crane Vehicle,YERALTI
23.12.2025,08:20:45,40.220039,28.922569,0.0,Crane Vehicle,YERALTI
23.12.2025,08:20:55,40.220043,28.922585,0.0,Crane Vehicle,YERALTI
23.12.2025,08:21:38,40.219975,28.925547,0.0,Crane Vehicle,YERALTI
23.12.2025,08:23:17,40.217369,28.930038,0.0,Crane Vehicle,YERALTI
23.12.2025,08:23:27,40.217361,28.930042,0.0,Crane Vehicle,YERALTI
23.12.2025,08:24:23,40.216572,28.931015,0.0,Crane Vehicle,YERALTI
23.12.2025,08:24:33,40.21656,28.93104,0.0,Crane Vehicle,YERALTI
23.12.2025,08:25:26,40.216446,28.932198,0.0,Crane Vehicle,YERALTI
23.12.2025,08:26:06,40.216408,28.932718,0.0,Crane Vehicle,YERALTI
23.12.2025,08:26:16,40.2164,28.932747,0.0,Crane Vehicle,YERALTI
23.12.2025,08:27:00,40.216343,28.933891,0.0,Crane Vehicle,YERALTI
23.12.2025,08:27:40,40.216217,28.935186,0.0,Crane Vehicle,YERALTI
23.12.2025,08:28:31,40.216305,28.93783,0.0,Crane Vehicle,YERALTI
23.12.2025,08:29:45,40.218105,28.938286,0.0,Crane Vehicle,YERALTI
23.12.2025,08:40:10,40.217598,28.940212,0.0,Crane Vehicle,YERALTI
23.12.2025,08:40:19,40.217545,28.940214,0.0,Crane Vehicle,YERALTI
23.12.2025,08:47:43,40.218906,28.941263,0.0,Crane Vehicle,YERALTI
23.12.2025,08:47:53,40.218887,28.941271,0.0,Crane Vehicle,YERALTI
23.12.2025,08:57:53,40.218937,28.941935,0.0,Crane Vehicle,YERALTI
23.12.2025,09:01:40,40.218437,28.942102,0.0,Crane Vehicle,YERALTI
23.12.2025,09:02:20,40.217979,28.942331,0.0,Crane Vehicle,YERALTI
23.12.2025,09:02:30,40.217979,28.942339,0.0,Crane Vehicle,YERALTI
23.12.2025,09:10:22,40.218098,28.943981,0.0,Crane Vehicle,YERALTI
23.12.2025,09:11:00,40.218784,28.944481,0.0,Crane Vehicle,YERALTI
23.12.2025,09:17:40,40.218666,28.945116,0.0,Crane Vehicle,YERALTI
23.12.2025,09:18:55,40.217617,28.945545,0.0,Crane Vehicle,YERALTI
23.12.2025,09:26:33,40.220139,28.948299,0.0,Crane Vehicle,YERALTI
23.12.2025,09:33:13,40.220158,28.948433,0.0,Crane Vehicle,YERALTI
23.12.2025,09:33:41,40.221443,28.94853,0.0,Crane Vehicle,YERALTI
23.12.2025,09:33:51,40.221455,28.94853,0.0,Crane Vehicle,YERALTI
23.12.2025,09:38:54,40.221603,28.947567,0.0,Crane Vehicle,YERALTI
23.12.2025,09:39:14,40.221756,28.946928,0.0,Crane Vehicle,YERALTI
23.12.2025,09:39:24,40.221756,28.946928,0.0,Crane Vehicle,YERALTI
23.12.2025,09:43:20,40.221798,28.945782,0.0,Crane Vehicle,YERALTI
23.12.2025,09:43:38,40.221615,28.945629,0.0,Crane Vehicle,YERALTI
23.12.2025,09:51:11,40.220249,28.953213,0.0,Crane Vehicle,YERALTI
23.12.2025,09:52:15,40.220795,28.955645,0.0,Crane Vehicle,YERALTI
23.12.2025,09:59:50,40.218975,28.955009,0.0,Crane Vehicle,YERALTI
23.12.2025,10:00:10,40.218735,28.954613,0.0,Crane Vehicle,YERALTI
23.12.2025,10:00:26,40.218536,28.95458,0.0,Crane Vehicle,YERALTI
23.12.2025,10:01:39,40.219173,28.955597,0.0,Crane Vehicle,YERALTI
23.12.2025,10:08:21,40.217602,28.962309,0.0,Crane Vehicle,YERALTI
23.12.2025,10:13:23,40.218773,28.96365,0.0,Crane Vehicle,YERALTI
23.12.2025,10:14:16,40.217724,28.965071,0.0,Crane Vehicle,YERALTI
23.12.2025,10:20:20,40.215672,28.937986,0.0,Crane Vehicle,YERALTI
23.12.2025,10:21:19,40.216187,28.937103,0.0,Crane Vehicle,YERALTI
23.12.2025,10:23:37,40.212772,28.936203,0.0,Crane Vehicle,YERALTI
23.12.2025,10:33:37,40.212772,28.936203,0.0,Crane Vehicle,YERALTI
23.12.2025,10:36:52,40.21405,28.934729,0.0,Crane Vehicle,YERALTI
23.12.2025,10:38:13,40.21265,28.937761,0.0,Crane Vehicle,YERALTI
23.12.2025,10:38:32,40.212204,28.937313,0.0,Crane Vehicle,YERALTI
23.12.2025,10:38:41,40.212204,28.937304,0.0,Crane Vehicle,YERALTI
23.12.2025,10:44:36,40.218716,28.89983,0.0,Crane Vehicle,YERALTI
23.12.2025,10:44:46,40.218727,28.899826,0.0,Crane Vehicle,YERALTI
23.12.2025,10:45:56,40.218437,28.898394,0.0,Crane Vehicle,YERALTI
23.12.2025,10:46:06,40.218437,28.898394,0.0,Crane Vehicle,YERALTI
23.12.2025,10:51:51,40.225048,28.905119,0.0,Crane Vehicle,YERALTI
23.12.2025,10:52:01,40.22506,28.905113,0.0,Crane Vehicle,YERALTI
23.12.2025,10:52:43,40.225704,28.904659,0.0,Crane Vehicle,YERALTI
23.12.2025,11:02:43,40.225704,28.904659,0.0,Crane Vehicle,YERALTI
23.12.2025,11:02:43,40.225704,28.904659,0.0,Crane Vehicle,YERALTI
23.12.2025,11:12:43,40.225704,28.904659,0.0,Crane Vehicle,YERALTI
23.12.2025,11:20:28,40.225735,28.904613,0.0,Crane Vehicle,YERALTI
23.12.2025,11:22:25,40.228024,28.906626,0.0,Crane Vehicle,YERALTI
23.12.2025,11:28:26,40.241909,28.918608,0.0,Crane Vehicle,YERALTI
23.12.2025,11:31:56,40.255489,28.905548,0.0,Crane Vehicle,YERALTI
23.12.2025,11:32:06,40.255508,28.905567,0.0,Crane Vehicle,YERALTI
23.12.2025,11:39:29,40.2686,28.948359,0.0,Crane Vehicle,YERALTI
23.12.2025,11:39:39,40.2686,28.948362,0.0,Crane Vehicle,YERALTI
23.12.2025,11:40:21,40.269489,28.94891,0.0,Crane Vehicle,YERALTI
23.12.2025,11:46:15,40.273266,28.970358,0.0,Crane Vehicle,YERALTI
23.12.2025,11:47:13,40.273018,28.970512,0.0,Crane Vehicle,YERALTI
23.12.2025,11:47:23,40.272999,28.970526,0.0,Crane Vehicle,YERALTI
23.12.2025,11:48:55,40.272617,28.970797,0.0,Crane Vehicle,YERALTI
23.12.2025,11:51:46,40.26572,28.967411,0.0,Crane Vehicle,YERALTI
23.12.2025,11:54:20,40.26556,28.967316,0.0,Crane Vehicle,YERALTI
23.12.2025,11:56:10,40.264656,28.966784,0.0,Crane Vehicle,YERALTI
23.12.2025,12:00:46,40.264313,28.96666,0.0,Crane Vehicle,YERALTI
23.12.2025,12:00:46,40.264313,28.96666,0.0,Crane Vehicle,YERALTI
23.12.2025,12:00:56,40.26416,28.966682,0.0,Crane Vehicle,YERALTI
23.12.2025,12:01:06,40.264122,28.966696,0.0,Crane Vehicle,YERALTI
23.12.2025,12:07:04,40.263042,28.967159,0.0,Crane Vehicle,YERALTI
23.12.2025,12:07:14,40.263035,28.967163,0.0,Crane Vehicle,YERALTI
23.12.2025,12:12:44,40.264236,28.969719,0.0,Crane Vehicle,YERALTI
23.12.2025,12:12:54,40.264236,28.969719,0.0,Crane Vehicle,YERALTI
23.12.2025,12:22:14,40.264175,28.969448,0.0,Crane Vehicle,YERALTI
23.12.2025,12:24:29,40.262573,28.967688,0.0,Crane Vehicle,YERALTI
23.12.2025,12:29:15,40.269775,28.975653,0.0,Crane Vehicle,YERALTI
23.12.2025,12:37:18,40.273769,28.949722,0.0,Crane Vehicle,YERALTI
23.12.2025,12:50:01,40.220879,28.95315,0.0,Crane Vehicle,YERALTI
23.12.2025,13:02:51,40.187939,28.928761,0.0,Crane Vehicle,YERALTI
23.12.2025,13:03:40,40.190094,28.931831,0.0,Crane Vehicle,YERALTI
23.12.2025,13:03:50,40.190098,28.931839,0.0,Crane Vehicle,YERALTI
23.12.2025,13:07:11,40.200069,28.943542,0.0,Crane Vehicle,YERALTI
23.12.2025,13:09:49,40.202656,28.949884,0.0,Crane Vehicle,YERALTI
23.12.2025,13:09:58,40.202663,28.949903,0.0,Crane Vehicle,YERALTI
23.12.2025,13:19:58,40.202663,28.949903,0.0,Crane Vehicle,YERALTI
23.12.2025,13:29:58,40.202663,28.949903,0.0,Crane Vehicle,YERALTI
23.12.2025,13:39:58,40.202663,28.949903,0.0,Crane Vehicle,YERALTI
23.12.2025,13:49:58,40.202663,28.949903,0.0,Crane Vehicle,YERALTI
23.12.2025,13:59:58,40.202663,28.949903,0.0,Crane Vehicle,YERALTI
23.12.2025,14:09:58,40.202663,28.949903,0.0,Crane Vehicle,YERALTI
23.12.2025,14:09:58,40.202663,28.949903,0.0,Crane Vehicle,YERALTI
23.12.2025,14:19:58,40.202663,28.949903,0.0,Crane Vehicle,YERALTI
23.12.2025,14:29:58,40.202663,28.949903,0.0,Crane Vehicle,YERALTI
23.12.2025,14:39:58,40.202663,28.949903,0.0,Crane Vehicle,YERALTI
23.12.2025,14:49:58,40.202663,28.949903,0.0,Crane Vehicle,YERALTI
23.12.2025,14:59:58,40.202663,28.949903,0.0,Crane Vehicle,YERALTI
23.12.2025,15:09:58,40.202663,28.949903,0.0,Crane Vehicle,YERALTI
23.12.2025,15:09:58,40.202663,28.949903,0.0,Crane Vehicle,YERALTI
23.12.2025,15:19:58,40.202663,28.949903,0.0,Crane Vehicle,YERALTI
23.12.2025,15:29:58,40.202663,28.949903,0.0,Crane Vehicle,YERALTI
23.12.2025,15:39:58,40.202663,28.949903,0.0,Crane Vehicle,YERALTI
23.12.2025,15:49:58,40.202663,28.949903,0.0,Crane Vehicle,YERALTI
23.12.2025,15:59:58,40.202663,28.949903,0.0,Crane Vehicle,YERALTI
23.12.2025,16:09:58,40.202663,28.949903,0.0,Crane Vehicle,YERALTI
23.12.2025,16:09:58,40.202663,28.949903,0.0,Crane Vehicle,YERALTI
23.12.2025,16:19:57,40.202663,28.949903,0.0,Crane Vehicle,YERALTI
23.12.2025,16:29:57,40.202663,28.949903,0.0,Crane Vehicle,YERALTI
23.12.2025,16:39:57,40.202663,28.949903,0.0,Crane Vehicle,YERALTI
23.12.2025,16:49:57,40.202663,28.949903,0.0,Crane Vehicle,YERALTI
23.12.2025,16:59:57,40.202663,28.949903,0.0,Crane Vehicle,YERALTI
23.12.2025,17:09:57,40.202663,28.949903,0.0,Crane Vehicle,YERALTI
23.12.2025,17:09:57,40.202663,28.949903,0.0,Crane Vehicle,YERALTI
23.12.2025,17:19:57,40.202663,28.949903,0.0,Crane Vehicle,YERALTI
23.12.2025,17:29:57,40.202663,28.949903,0.0,Crane Vehicle,YERALTI
23.12.2025,17:39:57,40.202663,28.949903,0.0,Crane Vehicle,YERALTI
23.12.2025,17:49:57,40.202663,28.949903,0.0,Crane Vehicle,YERALTI
23.12.2025,17:59:57,40.202663,28.949903,0.0,Crane Vehicle,YERALTI
23.12.2025,18:01:50,40.203304,28.949636,0.0,Crane Vehicle,YERALTI
23.12.2025,18:11:50,40.203304,28.949636,0.0,Crane Vehicle,YERALTI
23.12.2025,18:21:50,40.203304,28.949636,0.0,Crane Vehicle,YERALTI
23.12.2025,18:31:50,40.203304,28.949636,0.0,Crane Vehicle,YERALTI
23.12.2025,18:41:50,40.203304,28.949636,0.0,Crane Vehicle,YERALTI
23.12.2025,18:51:50,40.203304,28.949636,0.0,Crane Vehicle,YERALTI
23.12.2025,19:01:50,40.203304,28.949636,0.0,Crane Vehicle,YERALTI
23.12.2025,19:01:50,40.203304,28.949636,0.0,Crane Vehicle,YERALTI
23.12.2025,19:11:50,40.203304,28.949636,0.0,Crane Vehicle,YERALTI
23.12.2025,19:21:50,40.203304,28.949636,0.0,Crane Vehicle,YERALTI
23.12.2025,19:31:50,40.203304,28.949636,0.0,Crane Vehicle,YERALTI
23.12.2025,19:41:00,40.202705,28.947342,0.0,Crane Vehicle,YERALTI
23.12.2025,19:41:10,40.202694,28.947332,0.0,Crane Vehicle,YERALTI
23.12.2025,19:41:37,40.201996,28.94779,0.0,Crane Vehicle,YERALTI
23.12.2025,19:44:10,40.197468,28.939127,0.0,Crane Vehicle,YERALTI
23.12.2025,19:46:17,40.19022,28.931005,0.0,Crane Vehicle,YERALTI
23.12.2025,19:46:53,40.190479,28.930882,0.0,Crane Vehicle,YERALTI
23.12.2025,19:56:53,40.190479,28.930882,0.0,Crane Vehicle,YERALTI
23.12.2025,20:06:53,40.190479,28.930882,0.0,Crane Vehicle,YERALTI
23.12.2025,20:06:53,40.190479,28.930882,0.0,Crane Vehicle,YERALTI
23.12.2025,20:16:53,40.190479,28.930882,0.0,Crane Vehicle,YERALTI
23.12.2025,20:26:53,40.190479,28.930882,0.0,Crane Vehicle,YERALTI
23.12.2025,20:36:53,40.190479,28.930882,0.0,Crane Vehicle,YERALTI
23.12.2025,20:46:53,40.190479,28.930882,0.0,Crane Vehicle,YERALTI
23.12.2025,20:56:53,40.190479,28.930882,0.0,Crane Vehicle,YERALTI
23.12.2025,21:06:53,40.190479,28.930882,0.0,Crane Vehicle,YERALTI
23.12.2025,21:06:53,40.190479,28.930882,0.0,Crane Vehicle,YERALTI
23.12.2025,21:16:53,40.190479,28.930882,0.0,Crane Vehicle,YERALTI
23.12.2025,21:26:53,40.190479,28.930882,0.0,Crane Vehicle,YERALTI
23.12.2025,21:36:53,40.190479,28.930882,0.0,Crane Vehicle,YERALTI
23.12.2025,21:46:53,40.190479,28.930882,0.0,Crane Vehicle,YERALTI
23.12.2025,21:56:53,40.190479,28.930882,0.0,Crane Vehicle,YERALTI
23.12.2025,22:06:53,40.190479,28.930882,0.0,Crane Vehicle,YERALTI
23.12.2025,22:06:53,40.190479,28.930882,0.0,Crane Vehicle,YERALTI
23.12.2025,22:16:53,40.190479,28.930882,0.0,Crane Vehicle,YERALTI
23.12.2025,22:26:53,40.190479,28.930882,0.0,Crane Vehicle,YERALTI
23.12.2025,22:36:53,40.190479,28.930882,0.0,Crane Vehicle,YERALTI
23.12.2025,22:46:53,40.190479,28.930882,0.0,Crane Vehicle,YERALTI
23.12.2025,22:56:53,40.190479,28.930882,0.0,Crane Vehicle,YERALTI
23.12.2025,23:06:53,40.190479,28.930882,0.0,Crane Vehicle,YERALTI
23.12.2025,23:06:53,40.190479,28.930882,0.0,Crane Vehicle,YERALTI
23.12.2025,23:16:53,40.190479,28.930882,0.0,Crane Vehicle,YERALTI
23.12.2025,23:26:53,40.190479,28.930882,0.0,Crane Vehicle,YERALTI
23.12.2025,23:36:53,40.190479,28.930882,0.0,Crane Vehicle,YERALTI
23.12.2025,23:46:53,40.190479,28.930882,0.0,Crane Vehicle,YERALTI
23.12.2025,23:56:53,40.190479,28.930882,0.0,Crane Vehicle,YERALTI
24.12.2025,00:06:53,40.190479,28.930882,0.0,Crane Vehicle,YERALTI
24.12.2025,00:16:52,40.190479,28.930882,0.0,Crane Vehicle,YERALTI
24.12.2025,00:16:52,40.190479,28.930882,0.0,Crane Vehicle,YERALTI
24.12.2025,00:26:52,40.190479,28.930882,0.0,Crane Vehicle,YERALTI
24.12.2025,00:36:52,40.190479,28.930882,0.0,Crane Vehicle,YERALTI
24.12.2025,00:46:52,40.190479,28.930882,0.0,Crane Vehicle,YERALTI
24.12.2025,00:56:52,40.190479,28.930882,0.0,Crane Vehicle,YERALTI
24.12.2025,01:06:52,40.190479,28.930882,0.0,Crane Vehicle,YERALTI
24.12.2025,01:06:52,40.190479,28.930882,0.0,Crane Vehicle,YERALTI
24.12.2025,01:16:52,40.190479,28.930882,0.0,Crane Vehicle,YERALTI
24.12.2025,01:26:52,40.190479,28.930882,0.0,Crane Vehicle,YERALTI
24.12.2025,01:36:52,40.190479,28.930882,0.0,Crane Vehicle,YERALTI
24.12.2025,01:46:52,40.190479,28.930882,0.0,Crane Vehicle,YERALTI
24.12.2025,01:56:52,40.190479,28.930882,0.0,Crane Vehicle,YERALTI
24.12.2025,02:06:52,40.190479,28.930882,0.0,Crane Vehicle,YERALTI
24.12.2025,02:06:52,40.190479,28.930882,0.0,Crane Vehicle,YERALTI
24.12.2025,02:16:52,40.190479,28.930882,0.0,Crane Vehicle,YERALTI
24.12.2025,02:26:52,40.190479,28.930882,0.0,Crane Vehicle,YERALTI
24.12.2025,02:36:52,40.190479,28.930882,0.0,Crane Vehicle,YERALTI
24.12.2025,02:46:52,40.190479,28.930882,0.0,Crane Vehicle,YERALTI
24.12.2025,02:56:52,40.190479,28.930882,0.0,Crane Vehicle,YERALTI
24.12.2025,03:06:52,40.190479,28.930882,0.0,Crane Vehicle,YERALTI
24.12.2025,03:06:52,40.190479,28.930882,0.0,Crane Vehicle,YERALTI
24.12.2025,03:16:52,40.190479,28.930882,0.0,Crane Vehicle,YERALTI
24.12.2025,03:26:52,40.190479,28.930882,0.0,Crane Vehicle,YERALTI
24.12.2025,03:36:52,40.190479,28.930882,0.0,Crane Vehicle,YERALTI
24.12.2025,03:46:52,40.190479,28.930882,0.0,Crane Vehicle,YERALTI
24.12.2025,03:56:52,40.190479,28.930882,0.0,Crane Vehicle,YERALTI
24.12.2025,04:06:52,40.190479,28.930882,0.0,Crane Vehicle,YERALTI
24.12.2025,04:06:52,40.190479,28.930882,0.0,Crane Vehicle,YERALTI
24.12.2025,04:16:52,40.190479,28.930882,0.0,Crane Vehicle,YERALTI
24.12.2025,04:26:52,40.190479,28.930882,0.0,Crane Vehicle,YERALTI
24.12.2025,04:36:52,40.190479,28.930882,0.0,Crane Vehicle,YERALTI
24.12.2025,04:46:52,40.190479,28.930882,0.0,Crane Vehicle,YERALTI
24.12.2025,04:56:52,40.190479,28.930882,0.0,Crane Vehicle,YERALTI
24.12.2025,05:06:52,40.190479,28.930882,0.0,Crane Vehicle,YERALTI
24.12.2025,05:06:52,40.190479,28.930882,0.0,Crane Vehicle,YERALTI
24.12.2025,05:16:52,40.190479,28.930882,0.0,Crane Vehicle,YERALTI
24.12.2025,05:26:52,40.190479,28.930882,0.0,Crane Vehicle,YERALTI
24.12.2025,05:36:52,40.190479,28.930882,0.0,Crane Vehicle,YERALTI
24.12.2025,05:46:52,40.190479,28.930882,0.0,Crane Vehicle,YERALTI
24.12.2025,05:56:52,40.190479,28.930882,0.0,Crane Vehicle,YERALTI
24.12.2025,06:06:52,40.190479,28.930882,0.0,Crane Vehicle,YERALTI
24.12.2025,06:06:52,40.190479,28.930882,0.0,Crane Vehicle,YERALTI
24.12.2025,06:16:52,40.190479,28.930882,0.0,Crane Vehicle,YERALTI
24.12.2025,06:26:52,40.190479,28.930882,0.0,Crane Vehicle,YERALTI
24.12.2025,06:36:52,40.190479,28.930882,0.0,Crane Vehicle,YERALTI
24.12.2025,06:46:52,40.190479,28.930882,0.0,Crane Vehicle,YERALTI
24.12.2025,06:56:52,40.190479,28.930882,0.0,Crane Vehicle,YERALTI
24.12.2025,07:06:52,40.190479,28.930882,0.0,Crane Vehicle,YERALTI
24.12.2025,07:06:52,40.190479,28.930882,0.0,Crane Vehicle,YERALTI
24.12.2025,07:16:51,40.190479,28.930882,0.0,Crane Vehicle,YERALTI
24.12.2025,07:26:51,40.190479,28.930882,0.0,Crane Vehicle,YERALTI
24.12.2025,07:33:10,40.190514,28.930725,0.0,Crane Vehicle,YERALTI
24.12.2025,07:33:19,40.190498,28.930716,0.0,Crane Vehicle,YERALTI
24.12.2025,07:34:35,40.190189,28.931477,0.0,Crane Vehicle,YERALTI
24.12.2025,07:44:20,40.211876,28.937077,0.0,Crane Vehicle,YERALTI
24.12.2025,07:44:41,40.211849,28.937653,0.0,Crane Vehicle,YERALTI
24.12.2025,07:44:51,40.211857,28.937853,0.0,Crane Vehicle,YERALTI
24.12.2025,07:46:57,40.217598,28.936714,0.0,Crane Vehicle,YERALTI
24.12.2025,07:47:18,40.217953,28.936588,0.0,Crane Vehicle,YERALTI
24.12.2025,07:47:35,40.218056,28.936623,0.0,Crane Vehicle,YERALTI
24.12.2025,07:48:16,40.218079,28.938326,0.0,Crane Vehicle,YERALTI
24.12.2025,07:48:25,40.218086,28.938326,0.0,Crane Vehicle,YERALTI
24.12.2025,07:56:21,40.218193,28.939049,0.0,Crane Vehicle,YERALTI
24.12.2025,07:56:30,40.218174,28.939058,0.0,Crane Vehicle,YERALTI
24.12.2025,07:58:41,40.218056,28.940117,0.0,Crane Vehicle,YERALTI
24.12.2025,08:03:11,40.217579,28.940247,0.0,Crane Vehicle,YERALTI
24.12.2025,08:10:52,40.218819,28.941166,0.0,Crane Vehicle,YERALTI
24.12.2025,08:14:23,40.218838,28.94203,0.0,Crane Vehicle,YERALTI
24.12.2025,08:14:56,40.218811,28.942484,0.0,Crane Vehicle,YERALTI
24.12.2025,08:15:05,40.218803,28.942503,0.0,Crane Vehicle,YERALTI
24.12.2025,08:21:14,40.218727,28.942083,0.0,Crane Vehicle,YERALTI
24.12.2025,08:21:52,40.217979,28.942326,0.0,Crane Vehicle,YERALTI
24.12.2025,08:25:41,40.218056,28.943932,0.0,Crane Vehicle,YERALTI
24.12.2025,08:26:08,40.218391,28.94401,0.0,Crane Vehicle,YERALTI
24.12.2025,08:26:29,40.218773,28.944494,0.0,Crane Vehicle,YERALTI
24.12.2025,08:34:39,40.218613,28.945354,0.0,Crane Vehicle,YERALTI
24.12.2025,08:35:34,40.218086,28.947546,0.0,Crane Vehicle,YERALTI
24.12.2025,08:39:32,40.217598,28.945555,0.0,Crane Vehicle,YERALTI
24.12.2025,08:39:42,40.21759,28.945524,0.0,Crane Vehicle,YERALTI
24.12.2025,08:47:46,40.22023,28.948305,0.0,Crane Vehicle,YERALTI
24.12.2025,08:53:29,40.22134,28.94854,0.0,Crane Vehicle,YERALTI
24.12.2025,08:53:39,40.221355,28.94854,0.0,Crane Vehicle,YERALTI
24.12.2025,08:57:54,40.221558,28.948299,0.0,Crane Vehicle,YERALTI
24.12.2025,08:58:44,40.221569,28.946936,0.0,Crane Vehicle,YERALTI
24.12.2025,09:03:36,40.221626,28.94565,0.0,Crane Vehicle,YERALTI
24.12.2025,09:04:28,40.221767,28.944647,0.0,Crane Vehicle,YERALTI
24.12.2025,09:05:21,40.222748,28.942913,0.0,Crane Vehicle,YERALTI
24.12.2025,09:06:57,40.221474,28.940304,0.0,Crane Vehicle,YERALTI
24.12.2025,09:18:38,40.220688,28.952095,0.0,Crane Vehicle,YERALTI
24.12.2025,09:20:12,40.220852,28.955769,0.0,Crane Vehicle,YERALTI
24.12.2025,09:20:22,40.22086,28.955795,0.0,Crane Vehicle,YERALTI
24.12.2025,09:27:33,40.224926,28.959621,0.0,Crane Vehicle,YERALTI
24.12.2025,09:27:33,40.224926,28.959621,0.0,Crane Vehicle,YERALTI
24.12.2025,09:29:13,40.226166,28.962082,0.0,Crane Vehicle,YERALTI
24.12.2025,09:38:49,40.222786,28.96002,0.0,Crane Vehicle,YERALTI
24.12.2025,09:38:59,40.222759,28.960001,0.0,Crane Vehicle,YERALTI
24.12.2025,09:45:52,40.219929,28.957937,0.0,Crane Vehicle,YERALTI
24.12.2025,09:46:48,40.219204,28.955477,0.0,Crane Vehicle,YERALTI
24.12.2025,09:51:11,40.218678,28.956141,0.0,Crane Vehicle,YERALTI
24.12.2025,09:51:21,40.218666,28.956167,0.0,Crane Vehicle,YERALTI
24.12.2025,09:52:05,40.218193,28.955496,0.0,Crane Vehicle,YERALTI
24.12.2025,09:55:44,40.218269,28.954594,0.0,Crane Vehicle,YERALTI
24.12.2025,09:56:30,40.21888,28.954777,0.0,Crane Vehicle,YERALTI
24.12.2025,10:04:25,40.219124,28.955137,0.0,Crane Vehicle,YERALTI
24.12.2025,10:04:35,40.219128,28.955149,0.0,Crane Vehicle,YERALTI
24.12.2025,10:05:37,40.218155,28.957689,0.0,Crane Vehicle,YERALTI
24.12.2025,10:12:38,40.217773,28.962067,0.0,Crane Vehicle,YERALTI
24.12.2025,10:12:48,40.21777,28.962076,0.0,Crane Vehicle,YERALTI
24.12.2025,10:13:31,40.217579,28.962181,0.0,Crane Vehicle,YERALTI
24.12.2025,10:20:29,40.218819,28.963608,0.0,Crane Vehicle,YERALTI
24.12.2025,10:21:17,40.217827,28.964909,0.0,Crane Vehicle,YERALTI
24.12.2025,10:21:27,40.217693,28.965128,0.0,Crane Vehicle,YERALTI
24.12.2025,10:33:08,40.214451,28.915207,0.0,Crane Vehicle,YERALTI
24.12.2025,10:35:34,40.210144,28.918137,0.0,Crane Vehicle,YERALTI
24.12.2025,10:35:44,40.210152,28.918146,0.0,Crane Vehicle,YERALTI
24.12.2025,10:44:32,40.210209,28.918369,0.0,Crane Vehicle,YERALTI
24.12.2025,10:49:01,40.225132,28.91498,0.0,Crane Vehicle,YERALTI
24.12.2025,10:51:21,40.22855,28.915724,0.0,Crane Vehicle,YERALTI
24.12.2025,10:53:39,40.235813,28.92296,0.0,Crane Vehicle,YERALTI
24.12.2025,11:08:50,40.274715,28.969067,0.0,Crane Vehicle,YERALTI
24.12.2025,11:09:28,40.274601,28.969358,0.0,Crane Vehicle,YERALTI
24.12.2025,11:09:38,40.274551,28.96949,0.0,Crane Vehicle,YERALTI
24.12.2025,11:11:11,40.27438,28.969872,0.0,Crane Vehicle,YERALTI
24.12.2025,11:11:21,40.274372,28.969887,0.0,Crane Vehicle,YERALTI
24.12.2025,11:15:25,40.273533,28.97032,0.0,Crane Vehicle,YERALTI
24.12.2025,11:16:01,40.273304,28.970369,0.0,Crane Vehicle,YERALTI
24.12.2025,11:16:11,40.273304,28.970369,0.0,Crane Vehicle,YERALTI
24.12.2025,11:17:17,40.273121,28.970472,0.0,Crane Vehicle,YERALTI
24.12.2025,11:18:34,40.272762,28.970678,0.0,Crane Vehicle,YERALTI
24.12.2025,11:19:13,40.272625,28.970802,0.0,Crane Vehicle,YERALTI
24.12.2025,11:24:17,40.264122,28.969549,0.0,Crane Vehicle,YERALTI
24.12.2025,11:25:20,40.265053,28.970926,0.0,Crane Vehicle,YERALTI
24.12.2025,11:25:40,40.265076,28.971308,0.0,Crane Vehicle,YERALTI
24.12.2025,11:31:37,40.264408,28.969734,0.0,Crane Vehicle,YERALTI
24.12.2025,11:49:15,40.257919,28.95199,0.0,Crane Vehicle,YERALTI
24.12.2025,11:53:22,40.233829,28.969587,0.0,Crane Vehicle,YERALTI
24.12.2025,11:56:24,40.22105,28.953451,0.0,Crane Vehicle,YERALTI
24.12.2025,11:59:15,40.20446,28.953083,0.0,Crane Vehicle,YERALTI
24.12.2025,11:59:42,40.203846,28.952988,0.0,Crane Vehicle,YERALTI
24.12.2025,12:00:44,40.203541,28.956545,0.0,Crane Vehicle,YERALTI
24.12.2025,12:03:00,40.207195,28.963243,0.0,Crane Vehicle,YERALTI
24.12.2025,12:03:29,40.208359,28.963255,0.0,Crane Vehicle,YERALTI
24.12.2025,12:03:38,40.208366,28.96331,0.0,Crane Vehicle,YERALTI
24.12.2025,12:03:58,40.20837,28.963825,0.0,Crane Vehicle,YERALTI
24.12.2025,12:04:31,40.208237,28.964542,0.0,Crane Vehicle,YERALTI
24.12.2025,12:04:51,40.208557,28.964655,0.0,Crane Vehicle,YERALTI
24.12.2025,12:05:01,40.208714,28.964727,0.0,Crane Vehicle,YERALTI
24.12.2025,12:05:11,40.208714,28.964733,0.0,Crane Vehicle,YERALTI
24.12.2025,12:09:33,40.208504,28.964508,0.0,Crane Vehicle,YERALTI
24.12.2025,12:09:50,40.208473,28.963987,0.0,Crane Vehicle,YERALTI
24.12.2025,12:12:59,40.203636,28.956587,0.0,Crane Vehicle,YERALTI
24.12.2025,12:13:43,40.204002,28.953493,0.0,Crane Vehicle,YERALTI
24.12.2025,12:15:00,40.201962,28.948423,0.0,Crane Vehicle,YERALTI
24.12.2025,12:17:39,40.197334,28.93902,0.0,Crane Vehicle,YERALTI
24.12.2025,12:20:01,40.190201,28.931444,0.0,Crane Vehicle,YERALTI
24.12.2025,12:20:10,40.190228,28.931402,0.0,Crane Vehicle,YERALTI
24.12.2025,12:20:48,40.190182,28.931067,0.0,Crane Vehicle,YERALTI
24.12.2025,12:24:09,40.190163,28.931492,0.0,Crane Vehicle,YERALTI
24.12.2025,12:25:21,40.189278,28.927492,0.0,Crane Vehicle,YERALTI
24.12.2025,12:32:04,40.21677,28.916933,0.0,Crane Vehicle,YERALTI
24.12.2025,12:32:38,40.215111,28.917025,0.0,Crane Vehicle,YERALTI
24.12.2025,12:33:24,40.21386,28.917849,0.0,Crane Vehicle,YERALTI
24.12.2025,12:36:39,40.216873,28.89661,0.0,Crane Vehicle,YERALTI
24.12.2025,12:37:15,40.217655,28.895409,0.0,Crane Vehicle,YERALTI
24.12.2025,12:37:25,40.217754,28.895344,0.0,Crane Vehicle,YERALTI
24.12.2025,12:38:15,40.217678,28.895977,0.0,Crane Vehicle,YERALTI
24.12.2025,12:38:25,40.217678,28.896006,0.0,Crane Vehicle,YERALTI
24.12.2025,12:39:42,40.217762,28.897522,0.0,Crane Vehicle,YERALTI
24.12.2025,12:49:51,40.228966,28.915445,0.0,Crane Vehicle,YERALTI
24.12.2025,12:50:01,40.228966,28.915445,0.0,Crane Vehicle,YERALTI
24.12.2025,12:57:00,40.254028,28.939264,0.0,Crane Vehicle,YERALTI
24.12.2025,12:57:26,40.254028,28.939465,0.0,Crane Vehicle,YERALTI
24.12.2025,13:06:16,40.255882,28.942059,0.0,Crane Vehicle,YERALTI
24.12.2025,13:06:37,40.256165,28.942379,0.0,Crane Vehicle,YERALTI
24.12.2025,13:06:47,40.256168,28.942383,0.0,Crane Vehicle,YERALTI
24.12.2025,13:14:12,40.257263,28.940088,0.0,Crane Vehicle,YERALTI
24.12.2025,13:14:52,40.258991,28.940166,0.0,Crane Vehicle,YERALTI
24.12.2025,13:15:22,40.260761,28.939632,0.0,Crane Vehicle,YERALTI
24.12.2025,13:15:22,40.260761,28.939632,0.0,Crane Vehicle,YERALTI
24.12.2025,13:15:48,40.260632,28.938978,0.0,Crane Vehicle,YERALTI
24.12.2025,13:16:46,40.26046,28.93844,0.0,Crane Vehicle,YERALTI
24.12.2025,13:18:26,40.259903,28.936031,0.0,Crane Vehicle,YERALTI
24.12.2025,13:23:03,40.259087,28.937735,0.0,Crane Vehicle,YERALTI
24.12.2025,13:23:13,40.259083,28.937744,0.0,Crane Vehicle,YERALTI
24.12.2025,13:27:29,40.259026,28.938974,0.0,Crane Vehicle,YERALTI
24.12.2025,13:27:58,40.258247,28.939064,0.0,Crane Vehicle,YERALTI
24.12.2025,13:28:46,40.257847,28.937862,0.0,Crane Vehicle,YERALTI
24.12.2025,13:33:17,40.258343,28.937895,0.0,Crane Vehicle,YERALTI
24.12.2025,13:33:27,40.258472,28.937933,0.0,Crane Vehicle,YERALTI
24.12.2025,13:39:55,40.258808,28.937962,0.0,Crane Vehicle,YERALTI
24.12.2025,13:44:14,40.260456,28.938448,0.0,Crane Vehicle,YERALTI
24.12.2025,13:44:36,40.260525,28.939079,0.0,Crane Vehicle,YERALTI
24.12.2025,13:44:46,40.260532,28.939096,0.0,Crane Vehicle,YERALTI
24.12.2025,13:54:46,40.260532,28.939096,0.0,Crane Vehicle,YERALTI
24.12.2025,13:58:04,40.261833,28.938248,0.0,Crane Vehicle,YERALTI
24.12.2025,14:00:26,40.26458,28.93236,0.0,Crane Vehicle,YERALTI
24.12.2025,14:07:36,40.265591,28.9342,0.0,Crane Vehicle,YERALTI
24.12.2025,14:08:09,40.266106,28.935539,0.0,Crane Vehicle,YERALTI
24.12.2025,14:12:21,40.267765,28.935539,0.0,Crane Vehicle,YERALTI
24.12.2025,14:13:49,40.271042,28.935583,0.0,Crane Vehicle,YERALTI
24.12.2025,14:25:07,40.271366,28.933737,0.0,Crane Vehicle,YERALTI
24.12.2025,14:25:17,40.271206,28.933838,0.0,Crane Vehicle,YERALTI
24.12.2025,14:32:14,40.267879,28.937466,0.0,Crane Vehicle,YERALTI
24.12.2025,14:32:24,40.267887,28.937466,0.0,Crane Vehicle,YERALTI
24.12.2025,14:38:48,40.268185,28.939087,0.0,Crane Vehicle,YERALTI
24.12.2025,14:38:57,40.268181,28.939087,0.0,Crane Vehicle,YERALTI
24.12.2025,14:40:20,40.267117,28.93902,0.0,Crane Vehicle,YERALTI
24.12.2025,14:41:09,40.266582,28.938416,0.0,Crane Vehicle,YERALTI
24.12.2025,14:41:55,40.266457,28.938192,0.0,Crane Vehicle,YERALTI
24.12.2025,14:42:19,40.265781,28.93873,0.0,Crane Vehicle,YERALTI
24.12.2025,14:42:29,40.26577,28.938726,0.0,Crane Vehicle,YERALTI
24.12.2025,14:42:41,40.265579,28.938839,0.0,Crane Vehicle,YERALTI
24.12.2025,14:42:55,40.265491,28.939226,0.0,Crane Vehicle,YERALTI
24.12.2025,14:52:55,40.265491,28.939226,0.0,Crane Vehicle,YERALTI
24.12.2025,15:01:23,40.26556,28.938934,0.0,Crane Vehicle,YERALTI
24.12.2025,15:03:24,40.268974,28.944691,0.0,Crane Vehicle,YERALTI
24.12.2025,15:03:44,40.269012,28.945021,0.0,Crane Vehicle,YERALTI
24.12.2025,15:15:17,40.268688,28.948328,0.0,Crane Vehicle,YERALTI
24.12.2025,15:19:13,40.272617,28.970789,0.0,Crane Vehicle,YERALTI
24.12.2025,15:19:23,40.272617,28.970793,0.0,Crane Vehicle,YERALTI
24.12.2025,15:27:11,40.264301,28.974745,0.0,Crane Vehicle,YERALTI
24.12.2025,15:27:25,40.264492,28.974566,0.0,Crane Vehicle,YERALTI
24.12.2025,15:27:35,40.264484,28.974566,0.0,Crane Vehicle,YERALTI
24.12.2025,15:39:34,40.273724,28.952421,0.0,Crane Vehicle,YERALTI
24.12.2025,15:48:30,40.243675,28.966377,0.0,Crane Vehicle,YERALTI
24.12.2025,15:50:38,40.234108,28.969891,0.0,Crane Vehicle,YERALTI
24.12.2025,15:53:27,40.221119,28.953575,0.0,Crane Vehicle,YERALTI
24.12.2025,15:53:27,40.221119,28.953575,0.0,Crane Vehicle,YERALTI
24.12.2025,15:53:37,40.221119,28.953573,0.0,Crane Vehicle,YERALTI
24.12.2025,15:55:22,40.211037,28.952602,0.0,Crane Vehicle,YERALTI
24.12.2025,15:55:32,40.211029,28.952597,0.0,Crane Vehicle,YERALTI
24.12.2025,15:57:38,40.20195,28.948439,0.0,Crane Vehicle,YERALTI
24.12.2025,15:57:38,40.20195,28.948439,0.0,Crane Vehicle,YERALTI
24.12.2025,15:57:48,40.201939,28.94841,0.0,Crane Vehicle,YERALTI
24.12.2025,16:00:19,40.198032,28.939728,0.0,Crane Vehicle,YERALTI
24.12.2025,16:02:49,40.190182,28.930943,0.0,Crane Vehicle,YERALTI
24.12.2025,16:12:49,40.190182,28.930943,0.0,Crane Vehicle,YERALTI
24.12.2025,16:22:49,40.190182,28.930943,0.0,Crane Vehicle,YERALTI
24.12.2025,16:32:48,40.190182,28.930943,0.0,Crane Vehicle,YERALTI
24.12.2025,16:42:48,40.190182,28.930943,0.0,Crane Vehicle,YERALTI
24.12.2025,16:52:48,40.190182,28.930943,0.0,Crane Vehicle,YERALTI
24.12.2025,17:02:48,40.190182,28.930943,0.0,Crane Vehicle,YERALTI
24.12.2025,17:02:48,40.190182,28.930943,0.0,Crane Vehicle,YERALTI
24.12.2025,17:12:48,40.190182,28.930943,0.0,Crane Vehicle,YERALTI
24.12.2025,17:22:48,40.190182,28.930943,0.0,Crane Vehicle,YERALTI
24.12.2025,17:32:48,40.190182,28.930943,0.0,Crane Vehicle,YERALTI
24.12.2025,17:42:48,40.190182,28.930943,0.0,Crane Vehicle,YERALTI
24.12.2025,17:52:48,40.190182,28.930943,0.0,Crane Vehicle,YERALTI
24.12.2025,18:02:48,40.190182,28.930943,0.0,Crane Vehicle,YERALTI
24.12.2025,18:02:48,40.190182,28.930943,0.0,Crane Vehicle,YERALTI
24.12.2025,18:12:48,40.190182,28.930943,0.0,Crane Vehicle,YERALTI
24.12.2025,18:22:48,40.190182,28.930943,0.0,Crane Vehicle,YERALTI
24.12.2025,18:32:48,40.190182,28.930943,0.0,Crane Vehicle,YERALTI
24.12.2025,18:42:48,40.190182,28.930943,0.0,Crane Vehicle,YERALTI
24.12.2025,18:52:48,40.190182,28.930943,0.0,Crane Vehicle,YERALTI
24.12.2025,19:02:48,40.190182,28.930943,0.0,Crane Vehicle,YERALTI
24.12.2025,19:02:48,40.190182,28.930943,0.0,Crane Vehicle,YERALTI
24.12.2025,19:12:48,40.190182,28.930943,0.0,Crane Vehicle,YERALTI
24.12.2025,19:22:48,40.190182,28.930943,0.0,Crane Vehicle,YERALTI
24.12.2025,19:32:48,40.190182,28.930943,0.0,Crane Vehicle,YERALTI
24.12.2025,19:42:48,40.190182,28.930943,0.0,Crane Vehicle,YERALTI
24.12.2025,19:52:48,40.190182,28.930943,0.0,Crane Vehicle,YERALTI
24.12.2025,20:02:48,40.190182,28.930943,0.0,Crane Vehicle,YERALTI
24.12.2025,20:02:48,40.190182,28.930943,0.0,Crane Vehicle,YERALTI
24.12.2025,20:12:48,40.190182,28.930943,0.0,Crane Vehicle,YERALTI
24.12.2025,20:22:48,40.190182,28.930943,0.0,Crane Vehicle,YERALTI
24.12.2025,20:32:48,40.190182,28.930943,0.0,Crane Vehicle,YERALTI
24.12.2025,20:42:48,40.190182,28.930943,0.0,Crane Vehicle,YERALTI
24.12.2025,20:52:48,40.190182,28.930943,0.0,Crane Vehicle,YERALTI
24.12.2025,21:02:48,40.190182,28.930943,0.0,Crane Vehicle,YERALTI
24.12.2025,21:02:48,40.190182,28.930943,0.0,Crane Vehicle,YERALTI
24.12.2025,21:12:48,40.190182,28.930943,0.0,Crane Vehicle,YERALTI
24.12.2025,21:22:48,40.190182,28.930943,0.0,Crane Vehicle,YERALTI
24.12.2025,21:32:48,40.190182,28.930943,0.0,Crane Vehicle,YERALTI
24.12.2025,21:42:48,40.190182,28.930943,0.0,Crane Vehicle,YERALTI
24.12.2025,21:52:48,40.190182,28.930943,0.0,Crane Vehicle,YERALTI
24.12.2025,22:02:48,40.190182,28.930943,0.0,Crane Vehicle,YERALTI
24.12.2025,22:02:48,40.190182,28.930943,0.0,Crane Vehicle,YERALTI
24.12.2025,22:12:48,40.190182,28.930943,0.0,Crane Vehicle,YERALTI
24.12.2025,22:22:48,40.190182,28.930943,0.0,Crane Vehicle,YERALTI
24.12.2025,22:32:48,40.190182,28.930943,0.0,Crane Vehicle,YERALTI
24.12.2025,22:42:48,40.190182,28.930943,0.0,Crane Vehicle,YERALTI
24.12.2025,22:52:48,40.190182,28.930943,0.0,Crane Vehicle,YERALTI
24.12.2025,23:02:48,40.190182,28.930943,0.0,Crane Vehicle,YERALTI
24.12.2025,23:02:48,40.190182,28.930943,0.0,Crane Vehicle,YERALTI
24.12.2025,23:12:48,40.190182,28.930943,0.0,Crane Vehicle,YERALTI
24.12.2025,23:22:48,40.190182,28.930943,0.0,Crane Vehicle,YERALTI
24.12.2025,23:32:48,40.190182,28.930943,0.0,Crane Vehicle,YERALTI
24.12.2025,23:42:48,40.190182,28.930943,0.0,Crane Vehicle,YERALTI
24.12.2025,23:52:48,40.190182,28.930943,0.0,Crane Vehicle,YERALTI
25.12.2025,00:02:48,40.190182,28.930943,0.0,Crane Vehicle,YERALTI
25.12.2025,00:12:48,40.190182,28.930943,0.0,Crane Vehicle,YERALTI
25.12.2025,00:12:48,40.190182,28.930943,0.0,Crane Vehicle,YERALTI
25.12.2025,00:22:48,40.190182,28.930943,0.0,Crane Vehicle,YERALTI
25.12.2025,00:32:47,40.190182,28.930943,0.0,Crane Vehicle,YERALTI
25.12.2025,00:42:47,40.190182,28.930943,0.0,Crane Vehicle,YERALTI
25.12.2025,00:52:47,40.190182,28.930943,0.0,Crane Vehicle,YERALTI
25.12.2025,01:02:47,40.190182,28.930943,0.0,Crane Vehicle,YERALTI
25.12.2025,01:02:47,40.190182,28.930943,0.0,Crane Vehicle,YERALTI
25.12.2025,01:12:47,40.190182,28.930943,0.0,Crane Vehicle,YERALTI
25.12.2025,01:22:47,40.190182,28.930943,0.0,Crane Vehicle,YERALTI
25.12.2025,01:32:47,40.190182,28.930943,0.0,Crane Vehicle,YERALTI
25.12.2025,01:42:47,40.190182,28.930943,0.0,Crane Vehicle,YERALTI
25.12.2025,01:52:47,40.190182,28.930943,0.0,Crane Vehicle,YERALTI
25.12.2025,02:02:47,40.190182,28.930943,0.0,Crane Vehicle,YERALTI
25.12.2025,02:02:47,40.190182,28.930943,0.0,Crane Vehicle,YERALTI
25.12.2025,02:12:47,40.190182,28.930943,0.0,Crane Vehicle,YERALTI
25.12.2025,02:22:47,40.190182,28.930943,0.0,Crane Vehicle,YERALTI
25.12.2025,02:32:47,40.190182,28.930943,0.0,Crane Vehicle,YERALTI
25.12.2025,02:42:47,40.190182,28.930943,0.0,Crane Vehicle,YERALTI
25.12.2025,02:52:47,40.190182,28.930943,0.0,Crane Vehicle,YERALTI
25.12.2025,03:02:47,40.190182,28.930943,0.0,Crane Vehicle,YERALTI
25.12.2025,03:02:47,40.190182,28.930943,0.0,Crane Vehicle,YERALTI
25.12.2025,03:12:47,40.190182,28.930943,0.0,Crane Vehicle,YERALTI
25.12.2025,03:22:47,40.190182,28.930943,0.0,Crane Vehicle,YERALTI
25.12.2025,03:32:47,40.190182,28.930943,0.0,Crane Vehicle,YERALTI
25.12.2025,03:42:47,40.190182,28.930943,0.0,Crane Vehicle,YERALTI
25.12.2025,03:52:47,40.190182,28.930943,0.0,Crane Vehicle,YERALTI
25.12.2025,04:02:47,40.190182,28.930943,0.0,Crane Vehicle,YERALTI
25.12.2025,04:02:47,40.190182,28.930943,0.0,Crane Vehicle,YERALTI
25.12.2025,04:12:47,40.190182,28.930943,0.0,Crane Vehicle,YERALTI
25.12.2025,04:22:47,40.190182,28.930943,0.0,Crane Vehicle,YERALTI
25.12.2025,04:32:47,40.190182,28.930943,0.0,Crane Vehicle,YERALTI
25.12.2025,04:42:47,40.190182,28.930943,0.0,Crane Vehicle,YERALTI
25.12.2025,04:52:47,40.190182,28.930943,0.0,Crane Vehicle,YERALTI
25.12.2025,05:02:47,40.190182,28.930943,0.0,Crane Vehicle,YERALTI
25.12.2025,05:02:47,40.190182,28.930943,0.0,Crane Vehicle,YERALTI
25.12.2025,05:12:47,40.190182,28.930943,0.0,Crane Vehicle,YERALTI
25.12.2025,05:22:47,40.190182,28.930943,0.0,Crane Vehicle,YERALTI
25.12.2025,05:32:47,40.190182,28.930943,0.0,Crane Vehicle,YERALTI
25.12.2025,05:42:47,40.190182,28.930943,0.0,Crane Vehicle,YERALTI
25.12.2025,05:52:47,40.190182,28.930943,0.0,Crane Vehicle,YERALTI
25.12.2025,06:02:47,40.190182,28.930943,0.0,Crane Vehicle,YERALTI
25.12.2025,06:02:47,40.190182,28.930943,0.0,Crane Vehicle,YERALTI
25.12.2025,06:12:47,40.190182,28.930943,0.0,Crane Vehicle,YERALTI
25.12.2025,06:22:47,40.190182,28.930943,0.0,Crane Vehicle,YERALTI
25.12.2025,06:32:47,40.190182,28.930943,0.0,Crane Vehicle,YERALTI
25.12.2025,06:42:47,40.190182,28.930943,0.0,Crane Vehicle,YERALTI
25.12.2025,06:52:47,40.190182,28.930943,0.0,Crane Vehicle,YERALTI
25.12.2025,07:02:47,40.190182,28.930943,0.0,Crane Vehicle,YERALTI
25.12.2025,07:02:47,40.190182,28.930943,0.0,Crane Vehicle,YERALTI
25.12.2025,07:12:47,40.190182,28.930943,0.0,Crane Vehicle,YERALTI
25.12.2025,07:22:47,40.190182,28.930943,0.0,Crane Vehicle,YERALTI
25.12.2025,07:32:46,40.190182,28.930943,0.0,Crane Vehicle,YERALTI
25.12.2025,07:40:00,40.190136,28.931492,0.0,Crane Vehicle,YERALTI
25.12.2025,07:40:51,40.187962,28.92935,0.0,Crane Vehicle,YERALTI
25.12.2025,07:42:34,40.184071,28.9233,0.0,Crane Vehicle,YERALTI
25.12.2025,07:46:11,40.179417,28.919285,0.0,Crane Vehicle,YERALTI
25.12.2025,07:48:34,40.17165,28.919613,0.0,Crane Vehicle,YERALTI
25.12.2025,07:49:09,40.171043,28.91884,0.0,Crane Vehicle,YERALTI
25.12.2025,07:55:18,40.172184,28.917883,0.0,Crane Vehicle,YERALTI
25.12.2025,07:58:22,40.181026,28.91754,0.0,Crane Vehicle,YERALTI
25.12.2025,07:59:24,40.183399,28.922209,0.0,Crane Vehicle,YERALTI
25.12.2025,08:01:13,40.187111,28.928755,0.0,Crane Vehicle,YERALTI
25.12.2025,08:01:22,40.187119,28.928764,0.0,Crane Vehicle,YERALTI
25.12.2025,08:03:37,40.196712,28.938807,0.0,Crane Vehicle,YERALTI
25.12.2025,08:03:46,40.196716,28.938807,0.0,Crane Vehicle,YERALTI
25.12.2025,08:05:44,40.201004,28.94636,0.0,Crane Vehicle,YERALTI
25.12.2025,08:07:32,40.203526,28.952953,0.0,Crane Vehicle,YERALTI
25.12.2025,08:08:32,40.206631,28.953403,0.0,Crane Vehicle,YERALTI
25.12.2025,08:09:24,40.206692,28.954042,0.0,Crane Vehicle,YERALTI
25.12.2025,08:09:44,40.207188,28.954075,0.0,Crane Vehicle,YERALTI
25.12.2025,08:09:54,40.207195,28.954079,0.0,Crane Vehicle,YERALTI
25.12.2025,08:14:07,40.207367,28.954021,0.0,Crane Vehicle,YERALTI
25.12.2025,08:15:08,40.208061,28.953068,0.0,Crane Vehicle,YERALTI
25.12.2025,08:15:44,40.209446,28.952774,0.0,Crane Vehicle,YERALTI
25.12.2025,08:17:26,40.213615,28.952879,0.0,Crane Vehicle,YERALTI
25.12.2025,08:18:07,40.213116,28.953516,0.0,Crane Vehicle,YERALTI
25.12.2025,08:18:21,40.213013,28.953283,0.0,Crane Vehicle,YERALTI
25.12.2025,08:22:04,40.215424,28.938219,0.0,Crane Vehicle,YERALTI
25.12.2025,08:22:14,40.215435,28.938211,0.0,Crane Vehicle,YERALTI
25.12.2025,08:23:44,40.217808,28.936619,0.0,Crane Vehicle,YERALTI
25.12.2025,08:24:11,40.218021,28.93656,0.0,Crane Vehicle,YERALTI
25.12.2025,08:25:19,40.218105,28.938307,0.0,Crane Vehicle,YERALTI
25.12.2025,08:25:29,40.218098,28.938316,0.0,Crane Vehicle,YERALTI
